Date/time,TEMP [C],Relative humidity,PM1 [ug/m3],PM2.5 [ug/m3],PM10 [ug/m3]
2021-04-29 15:15:15+02:00,17.2,17.2,6.38,7.05,7.05
2021-04-29 15:20:15+02:00,17.2,17.2,4.31,5.47,6.28
2021-04-29 15:25:17+02:00,17.4,17.4,3.48,5.28,6.9
2021-04-29 15:30:15+02:00,17.4,17.4,3.53,3.9,3.9
2021-04-29 15:35:17+02:00,19.2,19.2,4.1,4.53,4.53
2021-04-29 15:40:17+02:00,18.3,18.3,5.63,8.02,10.07
2021-04-29 15:45:14+02:00,18.3,18.3,4.72,5.22,5.22
2021-04-29 15:50:14+02:00,18.3,18.3,6.29,6.95,6.95
2021-04-29 15:55:14+02:00,18.9,18.9,2.53,3.35,3.97
2021-04-29 16:00:15+02:00,18.6,18.6,5.71,9.0,12.05
2021-04-29 16:05:15+02:00,18.2,18.2,4.33,5.65,6.64
2021-04-29 16:10:14+02:00,18.1,18.1,4.18,4.62,4.62
2021-04-29 16:15:14+02:00,17.2,17.2,4.29,5.8,7.01
2021-04-29 16:20:14+02:00,16.7,16.7,7.07,8.79,9.91
2021-04-29 16:25:14+02:00,15.7,15.7,6.08,11.03,15.93
2021-04-29 16:30:14+02:00,15.6,15.6,6.67,9.16,11.21
2021-04-29 16:35:15+02:00,15.3,15.3,3.5,3.87,3.87
2021-04-29 16:40:14+02:00,14.7,14.7,3.26,3.61,3.61
2021-04-29 16:50:14+02:00,14.1,14.1,5.81,6.43,6.43
2021-04-29 16:55:14+02:00,14.1,14.1,7.51,11.25,14.59
2021-04-29 17:00:15+02:00,13.9,13.9,3.86,4.26,4.26
2021-04-29 17:05:14+02:00,14.0,14.0,8.36,9.24,9.24
2021-04-29 17:10:14+02:00,14.5,14.5,6.04,7.94,9.38
2021-04-29 17:15:14+02:00,14.0,14.0,4.68,5.18,5.18
2021-04-29 17:20:14+02:00,13.6,13.6,5.04,7.57,9.85
2021-04-29 17:25:15+02:00,13.7,13.7,7.56,8.36,8.36
2021-04-29 17:30:15+02:00,13.4,13.4,7.5,8.33,8.38
2021-04-29 17:35:14+02:00,13.2,13.2,6.37,9.56,12.42
2021-04-29 17:40:14+02:00,13.7,13.7,8.2,9.9,10.86
2021-04-29 17:45:15+02:00,12.9,12.9,6.9,7.63,7.63
2021-04-29 17:50:15+02:00,13.0,13.0,5.32,5.88,5.88
2021-04-29 17:55:14+02:00,13.2,13.2,6.67,8.57,9.93
2021-04-29 18:00:14+02:00,13.5,13.5,8.38,10.63,12.18
2021-04-29 18:05:15+02:00,13.4,13.4,5.81,6.42,6.42
2021-04-29 18:10:16+02:00,13.4,13.4,10.01,17.98,25.84
2021-04-29 18:15:14+02:00,13.3,13.3,5.54,7.83,9.78
2021-04-29 18:20:14+02:00,13.2,13.2,4.91,5.42,5.42
2021-04-29 18:25:14+02:00,13.0,13.0,2.62,3.8,4.82
2021-04-29 18:30:14+02:00,12.7,12.7,2.03,2.75,3.31
2021-04-29 18:35:15+02:00,12.7,12.7,3.61,4.67,5.45
2021-04-29 18:40:14+02:00,12.6,12.6,5.69,6.29,6.29
2021-04-29 18:45:14+02:00,12.5,12.5,4.64,5.13,5.13
2021-04-29 18:50:14+02:00,12.3,12.3,3.12,4.08,4.8
2021-04-29 18:55:15+02:00,12.2,12.2,5.25,5.81,5.81
2021-04-29 19:00:15+02:00,11.9,11.9,6.67,8.99,10.83
2021-04-29 19:05:15+02:00,11.8,11.8,5.98,6.61,6.61
2021-04-29 19:10:15+02:00,11.7,11.7,6.62,8.23,9.26
2021-04-29 19:15:14+02:00,11.5,11.5,5.82,6.52,6.62
2021-04-29 19:20:14+02:00,11.5,11.5,5.02,5.55,5.55
2021-04-29 19:25:14+02:00,11.5,11.5,6.25,6.91,6.91
2021-04-29 19:30:15+02:00,11.4,11.4,7.96,10.41,12.24
2021-04-29 19:35:15+02:00,11.4,11.4,5.43,6.52,7.11
2021-04-29 19:40:17+02:00,11.3,11.3,7.75,11.72,15.32
2021-04-29 19:45:15+02:00,11.3,11.3,8.28,9.71,10.34
2021-04-29 19:50:15+02:00,11.2,11.2,6.55,8.09,9.05
2021-04-29 19:55:14+02:00,11.3,11.3,8.88,13.17,16.98
2021-04-29 20:00:14+02:00,11.2,11.2,8.32,10.36,11.68
2021-04-29 20:05:14+02:00,11.1,11.1,6.52,12.31,18.11
2021-04-29 20:10:15+02:00,11.6,11.6,9.82,12.44,14.25
2021-04-29 20:15:15+02:00,11.2,11.2,6.98,7.72,7.72
2021-04-29 20:20:15+02:00,11.0,11.0,4.32,5.65,6.65
2021-04-29 20:25:14+02:00,10.9,10.9,5.79,7.81,9.43
2021-04-29 20:30:14+02:00,10.8,10.8,8.46,10.88,12.63
2021-04-29 20:35:14+02:00,10.7,10.7,6.35,9.42,12.14
2021-04-29 20:40:20+02:00,10.7,10.7,10.22,11.3,11.3
2021-04-29 20:45:15+02:00,10.7,10.7,5.91,7.27,8.1
2021-04-29 20:50:14+02:00,10.6,10.6,5.3,5.86,5.86
2021-04-29 20:55:14+02:00,10.5,10.5,7.84,10.86,13.37
2021-04-29 21:00:19+02:00,10.5,10.5,3.98,6.37,8.61
2021-04-29 21:05:14+02:00,10.5,10.5,2.42,2.68,2.68
2021-04-29 21:10:15+02:00,10.5,10.5,3.17,4.25,5.1
2021-04-29 21:15:15+02:00,10.4,10.4,5.57,7.99,10.08
2021-04-29 21:20:14+02:00,10.4,10.4,4.97,7.64,10.08
2021-04-29 21:25:14+02:00,10.4,10.4,1.36,1.51,1.51
2021-04-29 21:30:14+02:00,10.3,10.3,5.69,6.29,6.29
2021-04-29 21:35:15+02:00,10.4,10.4,4.01,4.43,4.43
2021-04-29 21:40:15+02:00,10.4,10.4,2.75,4.44,6.02
2021-04-29 21:45:14+02:00,10.4,10.4,3.21,4.97,6.6
2021-04-29 21:50:14+02:00,10.4,10.4,3.62,4.71,5.51
2021-04-29 21:55:17+02:00,10.4,10.4,3.73,5.21,6.44
2021-04-29 22:00:14+02:00,10.4,10.4,3.56,4.26,4.62
2021-04-29 22:05:14+02:00,10.4,10.4,3.49,3.86,3.86
2021-04-29 22:10:14+02:00,10.3,10.3,3.43,5.41,7.25
2021-04-29 22:15:15+02:00,10.3,10.3,5.7,9.06,12.19
2021-04-29 22:20:17+02:00,10.3,10.3,3.79,4.19,4.19
2021-04-29 22:25:14+02:00,10.3,10.3,3.02,3.34,3.34
2021-04-29 22:30:15+02:00,10.2,10.2,3.57,4.14,4.36
2021-04-29 22:35:15+02:00,10.3,10.3,4.79,8.85,12.89
2021-04-29 22:40:14+02:00,10.4,10.4,2.09,3.19,4.19
2021-04-29 22:45:14+02:00,10.3,10.3,2.45,2.71,2.71
2021-04-29 22:50:14+02:00,10.4,10.4,5.17,5.72,5.72
2021-04-29 22:55:15+02:00,10.4,10.4,6.29,12.11,17.97
2021-04-29 23:00:15+02:00,10.4,10.4,2.91,3.22,3.22
2021-04-29 23:05:14+02:00,10.3,10.3,4.74,5.89,6.62
2021-04-29 23:10:14+02:00,10.4,10.4,2.92,3.23,3.23
2021-04-29 23:15:14+02:00,10.4,10.4,3.04,3.36,3.36
2021-04-29 23:20:14+02:00,10.4,10.4,2.84,3.14,3.14
2021-04-29 23:25:15+02:00,10.3,10.3,3.13,3.46,3.46
2021-04-29 23:30:15+02:00,10.3,10.3,5.71,6.31,6.31
2021-04-29 23:35:14+02:00,10.3,10.3,1.99,2.2,2.2
2021-04-29 23:40:14+02:00,10.3,10.3,3.06,3.39,3.39
2021-04-29 23:45:17+02:00,9.9,9.9,4.27,7.4,10.44
2021-04-29 23:50:14+02:00,9.9,9.9,5.98,7.32,8.12
2021-04-29 23:55:14+02:00,9.8,9.8,6.33,6.99,6.99
2021-04-30 00:00:14+02:00,9.8,9.8,3.65,4.03,4.03
2021-04-30 00:05:15+02:00,9.8,9.8,9.45,12.02,13.81
2021-04-30 00:10:15+02:00,9.8,9.8,6.78,11.6,16.27
2021-04-30 00:15:17+02:00,9.9,9.9,4.56,6.41,7.96
2021-04-30 00:20:14+02:00,10.0,10.0,9.97,11.02,11.02
2021-04-30 00:25:15+02:00,10.1,10.1,8.19,9.05,9.05
2021-04-30 00:30:15+02:00,10.1,10.1,5.12,6.0,6.39
2021-04-30 00:35:17+02:00,10.2,10.2,9.5,11.18,11.95
2021-04-30 00:40:15+02:00,10.1,10.1,8.2,12.04,15.42
2021-04-30 00:45:17+02:00,10.1,10.1,5.98,7.23,7.94
2021-04-30 00:50:15+02:00,10.1,10.1,5.89,9.3,12.47
2021-04-30 00:55:15+02:00,10.0,10.0,6.59,7.92,8.65
2021-04-30 01:00:17+02:00,10.1,10.1,6.05,6.69,6.69
2021-04-30 01:05:15+02:00,10.0,10.0,4.04,6.88,9.62
2021-04-30 01:10:15+02:00,10.1,10.1,6.2,6.85,6.85
2021-04-30 01:15:14+02:00,10.2,10.2,7.22,9.86,11.99
2021-04-30 01:20:14+02:00,10.1,10.1,5.61,8.28,10.63
2021-04-30 01:30:14+02:00,10.1,10.1,6.23,9.33,12.11
2021-04-30 01:35:14+02:00,10.1,10.1,3.72,4.94,5.87
2021-04-30 01:40:15+02:00,10.0,10.0,5.0,6.18,6.92
2021-04-30 01:45:15+02:00,9.9,9.9,5.3,8.48,11.45
2021-04-30 01:50:17+02:00,9.8,9.8,11.35,12.54,12.54
2021-04-30 01:55:15+02:00,9.8,9.8,4.09,4.52,4.52
2021-04-30 02:00:14+02:00,9.8,9.8,5.44,6.01,6.01
2021-04-30 02:05:14+02:00,9.7,9.7,5.06,7.17,8.97
2021-04-30 02:10:14+02:00,9.7,9.7,7.5,8.62,8.99
2021-04-30 02:15:15+02:00,9.8,9.8,5.0,6.98,8.63
2021-04-30 02:20:15+02:00,9.7,9.7,6.88,10.03,12.78
2021-04-30 02:25:14+02:00,9.8,9.8,4.7,5.19,5.19
2021-04-30 02:30:14+02:00,9.8,9.8,6.6,8.18,9.19
2021-04-30 02:35:15+02:00,9.8,9.8,3.86,8.43,13.16
2021-04-30 02:40:15+02:00,9.8,9.8,6.81,9.96,12.73
2021-04-30 02:45:14+02:00,9.8,9.8,5.73,8.89,11.8
2021-04-30 02:50:14+02:00,9.7,9.7,3.39,5.77,8.08
2021-04-30 02:55:14+02:00,9.6,9.6,5.25,5.8,5.8
2021-04-30 03:00:17+02:00,9.5,9.5,4.18,6.58,8.81
2021-04-30 03:05:14+02:00,9.6,9.6,4.77,7.17,9.33
2021-04-30 03:10:15+02:00,9.5,9.5,8.23,9.42,9.79
2021-04-30 03:20:15+02:00,9.4,9.4,4.97,7.22,9.17
2021-04-30 03:25:15+02:00,9.3,9.3,8.13,8.99,8.99
2021-04-30 03:30:15+02:00,9.2,9.2,4.39,5.89,7.07
2021-04-30 03:35:14+02:00,9.2,9.2,7.4,12.78,18.01
2021-04-30 03:40:14+02:00,9.1,9.1,5.34,6.65,7.49
2021-04-30 03:45:14+02:00,9.0,9.0,9.08,10.03,10.03
2021-04-30 03:50:15+02:00,8.9,8.9,6.83,9.55,11.83
2021-04-30 03:55:14+02:00,8.9,8.9,5.6,7.26,8.48
2021-04-30 04:00:14+02:00,8.9,8.9,5.38,6.1,6.27
2021-04-30 04:05:14+02:00,9.0,9.0,6.29,10.2,13.89
2021-04-30 04:10:14+02:00,8.9,8.9,9.69,10.71,10.71
2021-04-30 04:15:14+02:00,8.8,8.8,5.08,6.9,8.35
2021-04-30 04:20:14+02:00,8.9,8.9,5.12,6.56,7.59
2021-04-30 04:25:14+02:00,8.9,8.9,11.99,16.2,19.56
2021-04-30 04:30:15+02:00,8.9,8.9,11.08,15.89,20.03
2021-04-30 04:35:15+02:00,8.9,8.9,4.71,5.2,5.2
2021-04-30 04:40:15+02:00,8.8,8.8,8.04,8.89,8.89
2021-04-30 04:45:17+02:00,8.6,8.6,7.96,10.72,12.9
2021-04-30 04:50:15+02:00,8.6,8.6,6.32,6.99,6.99
2021-04-30 04:55:15+02:00,8.7,8.7,6.75,8.31,9.28
2021-04-30 05:00:14+02:00,8.7,8.7,6.87,7.59,7.59
2021-04-30 05:05:14+02:00,8.8,8.8,11.66,14.67,16.69
2021-04-30 05:10:14+02:00,8.8,8.8,7.24,8.0,8.0
2021-04-30 05:15:15+02:00,8.8,8.8,9.06,10.01,10.01
2021-04-30 05:20:15+02:00,8.8,8.8,6.36,7.03,7.03
2021-04-30 05:25:14+02:00,8.8,8.8,6.4,7.07,7.07
2021-04-30 05:30:14+02:00,8.7,8.7,8.3,10.18,11.34
2021-04-30 05:35:17+02:00,8.6,8.6,6.56,9.1,11.2
2021-04-30 05:40:14+02:00,8.6,8.6,8.52,13.22,17.55
2021-04-30 05:50:14+02:00,8.4,8.4,9.35,13.46,17.01
2021-04-30 05:55:17+02:00,8.5,8.5,11.9,13.16,13.16
2021-04-30 06:00:14+02:00,8.5,8.5,5.94,7.78,9.15
2021-04-30 06:05:14+02:00,8.6,8.6,7.61,10.34,12.54
2021-04-30 06:10:15+02:00,8.6,8.6,9.96,12.02,13.16
2021-04-30 06:15:15+02:00,8.6,8.6,9.86,10.9,10.9
2021-04-30 06:20:15+02:00,8.6,8.6,11.37,15.56,18.95
2021-04-30 06:25:14+02:00,8.7,8.7,9.61,11.76,13.05
2021-04-30 06:30:14+02:00,8.8,8.8,9.62,11.65,12.8
2021-04-30 06:35:14+02:00,8.9,8.9,6.03,7.4,8.25
2021-04-30 06:40:15+02:00,9.0,9.0,7.2,7.95,7.95
2021-04-30 06:45:15+02:00,9.2,9.2,12.65,13.98,13.98
2021-04-30 06:50:14+02:00,9.2,9.2,8.44,11.04,12.99
2021-04-30 06:55:14+02:00,9.3,9.3,7.91,9.44,10.24
2021-04-30 07:00:15+02:00,9.3,9.3,8.01,14.95,21.87
2021-04-30 07:05:20+02:00,9.1,9.1,10.94,14.37,16.96
2021-04-30 07:10:17+02:00,9.3,9.3,13.18,14.56,14.56
2021-04-30 07:15:15+02:00,9.3,9.3,17.05,19.48,20.19
2021-04-30 07:20:17+02:00,9.6,9.6,8.67,11.62,13.95
2021-04-30 07:25:15+02:00,9.6,9.6,7.46,10.18,12.37
2021-04-30 07:30:15+02:00,9.6,9.6,6.15,8.26,9.94
2021-04-30 07:35:15+02:00,9.7,9.7,6.57,7.26,7.26
2021-04-30 07:40:14+02:00,9.8,9.8,7.77,8.59,8.59
2021-04-30 07:45:14+02:00,9.9,9.9,10.9,14.65,17.61
2021-04-30 07:50:16+02:00,9.7,9.7,12.23,14.6,15.83
2021-04-30 07:55:14+02:00,9.7,9.7,11.06,12.22,12.22
2021-04-30 08:00:14+02:00,9.9,9.9,11.98,13.24,13.24
2021-04-30 08:05:15+02:00,10.1,10.1,15.22,16.82,16.82
2021-04-30 08:10:20+02:00,10.3,10.3,8.16,9.02,9.02
2021-04-30 08:15:14+02:00,10.3,10.3,7.91,10.17,11.8
2021-04-30 08:20:17+02:00,10.4,10.4,13.0,16.2,18.29
2021-04-30 08:25:15+02:00,10.4,10.4,8.99,13.18,16.87
2021-04-30 08:30:15+02:00,10.8,10.8,8.44,9.94,10.63
2021-04-30 08:35:14+02:00,11.2,11.2,7.33,9.14,10.32
2021-04-30 08:40:17+02:00,11.2,11.2,7.06,7.81,7.81
2021-04-30 08:45:19+02:00,10.8,10.8,9.98,13.79,16.93
2021-04-30 08:50:14+02:00,10.8,10.8,10.68,12.98,14.32
2021-04-30 08:55:16+02:00,11.3,11.3,11.51,12.73,12.73
2021-04-30 09:00:17+02:00,12.2,12.2,7.78,12.03,15.93
2021-04-30 09:05:15+02:00,12.2,12.2,6.83,7.55,7.55
2021-04-30 09:10:14+02:00,12.2,12.2,12.03,13.3,13.3
2021-04-30 09:15:14+02:00,11.6,11.6,7.39,9.59,11.2
2021-04-30 09:20:14+02:00,11.3,11.3,8.23,9.78,10.56
2021-04-30 09:25:17+02:00,11.7,11.7,7.19,8.83,9.83
2021-04-30 09:30:14+02:00,11.7,11.7,8.06,10.74,12.81
2021-04-30 09:35:15+02:00,12.2,12.2,11.0,14.81,17.82
2021-04-30 09:40:15+02:00,12.8,12.8,11.91,14.97,17.03
2021-04-30 09:45:14+02:00,11.8,11.8,10.36,11.45,11.45
2021-04-30 09:50:14+02:00,12.2,12.2,12.83,17.81,21.92
2021-04-30 09:55:14+02:00,12.2,12.2,11.97,15.67,18.44
2021-04-30 10:00:15+02:00,12.4,12.4,11.44,12.64,12.64
2021-04-30 10:05:14+02:00,12.7,12.7,6.78,8.36,9.35
2021-04-30 10:10:14+02:00,13.3,13.3,7.78,11.98,15.81
2021-04-30 10:15:14+02:00,13.5,13.5,9.87,14.26,18.07
2021-04-30 10:20:14+02:00,13.2,13.2,13.6,22.21,30.36
2021-04-30 10:25:15+02:00,13.0,13.0,5.17,6.42,7.23
2021-04-30 10:30:14+02:00,13.6,13.6,13.36,23.2,32.78
2021-04-30 10:35:14+02:00,13.6,13.6,13.19,15.47,16.5
2021-04-30 10:40:14+02:00,13.7,13.7,11.99,13.25,13.25
2021-04-30 10:45:15+02:00,13.2,13.2,11.73,13.54,14.19
2021-04-30 10:50:15+02:00,13.7,13.7,8.04,11.09,13.6
2021-04-30 10:55:16+02:00,13.6,13.6,12.95,18.94,24.19
2021-04-30 11:00:14+02:00,13.9,13.9,9.38,13.35,16.74
2021-04-30 11:05:14+02:00,14.2,14.2,13.21,17.95,21.77
2021-04-30 11:10:15+02:00,14.1,14.1,8.27,14.83,21.29
2021-04-30 11:15:15+02:00,14.4,14.4,7.2,8.87,9.91
2021-04-30 11:20:15+02:00,14.7,14.7,9.31,10.29,10.29
2021-04-30 11:25:14+02:00,15.2,15.2,7.75,10.66,13.04
2021-04-30 11:30:19+02:00,15.4,15.4,9.92,10.96,10.96
2021-04-30 11:35:14+02:00,15.4,15.4,15.47,17.58,18.12
2021-04-30 11:40:15+02:00,16.2,16.2,6.79,11.24,15.48
2021-04-30 11:45:14+02:00,15.9,15.9,12.65,13.98,13.98
2021-04-30 11:50:14+02:00,15.4,15.4,10.97,12.13,12.13
2021-04-30 11:55:14+02:00,16.5,16.5,9.93,10.98,10.98
2021-04-30 12:00:15+02:00,17.0,17.0,5.08,6.92,8.41
2021-04-30 12:05:15+02:00,16.4,16.4,9.46,13.89,17.81
2021-04-30 12:10:14+02:00,17.1,17.1,8.48,10.96,12.76
2021-04-30 12:15:14+02:00,17.0,17.0,9.86,13.34,16.13
2021-04-30 12:20:14+02:00,17.5,17.5,13.5,18.49,22.55
2021-04-30 12:25:15+02:00,16.4,16.4,8.24,9.11,9.11
2021-04-30 12:30:14+02:00,17.4,17.4,13.65,15.08,15.08
2021-04-30 12:35:14+02:00,17.9,17.9,9.76,10.79,10.79
2021-04-30 12:40:14+02:00,18.8,18.8,7.4,9.92,11.89
2021-04-30 12:45:15+02:00,18.1,18.1,7.68,9.36,10.35
2021-04-30 12:50:15+02:00,16.9,16.9,6.05,7.29,7.99
2021-04-30 12:55:14+02:00,16.5,16.5,7.84,10.99,13.63
2021-04-30 13:00:19+02:00,16.5,16.5,7.87,8.7,8.7
2021-04-30 13:05:14+02:00,16.5,16.5,8.28,9.62,10.16
2021-04-30 13:10:15+02:00,16.4,16.4,10.94,12.5,12.95
2021-04-30 13:15:15+02:00,16.5,16.5,8.43,10.49,11.82
2021-04-30 13:20:15+02:00,16.5,16.5,10.35,12.42,13.54
2021-04-30 13:25:14+02:00,15.6,15.6,13.35,14.75,14.75
2021-04-30 13:30:14+02:00,16.0,16.0,11.99,15.13,17.25
2021-04-30 13:35:15+02:00,16.2,16.2,15.47,17.1,17.1
2021-04-30 13:40:15+02:00,16.8,16.8,11.55,12.76,12.76
2021-04-30 13:45:14+02:00,16.1,16.1,14.68,16.95,17.77
2021-04-30 13:50:14+02:00,14.8,14.8,13.66,17.51,20.26
2021-04-30 13:55:15+02:00,14.7,14.7,15.11,17.62,18.67
2021-04-30 14:00:15+02:00,15.4,15.4,12.15,15.42,17.69
2021-04-30 14:05:14+02:00,14.9,14.9,14.92,18.4,20.57
2021-04-30 14:10:14+02:00,15.2,15.2,9.31,10.29,10.29
2021-04-30 14:15:14+02:00,14.6,14.6,14.89,16.46,16.46
2021-04-30 14:20:14+02:00,13.8,13.8,14.33,17.24,18.82
2021-04-30 14:25:15+02:00,13.5,13.5,12.26,13.55,13.55
2021-04-30 14:30:14+02:00,13.0,13.0,16.0,19.64,21.87
2021-04-30 14:35:14+02:00,12.2,12.2,14.64,20.1,24.56
2021-04-30 14:40:14+02:00,12.1,12.1,13.93,18.6,22.24
2021-04-30 14:45:14+02:00,12.0,12.0,14.84,16.4,16.4
2021-04-30 14:50:15+02:00,11.3,11.3,14.63,19.89,24.13
2021-04-30 14:55:15+02:00,11.2,11.2,10.07,12.47,13.99
2021-04-30 15:00:15+02:00,11.3,11.3,11.84,14.02,15.08
2021-04-30 15:05:15+02:00,10.3,10.3,13.45,14.87,14.87
2021-04-30 15:10:14+02:00,9.7,9.7,21.08,27.0,31.21
2021-04-30 15:15:14+02:00,9.1,9.1,8.57,10.43,11.51
2021-04-30 15:20:14+02:00,8.4,8.4,10.39,13.92,16.69
2021-04-30 15:25:15+02:00,8.4,8.4,9.17,11.59,13.24
2021-04-30 15:30:17+02:00,8.0,8.0,13.76,17.37,19.83
2021-04-30 15:35:14+02:00,7.9,7.9,11.8,13.04,13.04
2021-04-30 15:40:15+02:00,8.0,8.0,11.4,14.06,15.73
2021-04-30 15:45:14+02:00,8.1,8.1,8.44,11.57,14.11
2021-04-30 15:50:15+02:00,8.2,8.2,15.35,20.96,25.5
2021-04-30 15:55:14+02:00,8.7,8.7,10.81,12.92,14.03
2021-04-30 16:00:17+02:00,7.7,7.7,12.94,15.92,17.76
2021-04-30 16:05:15+02:00,7.7,7.7,8.27,11.01,13.13
2021-04-30 16:10:15+02:00,7.6,7.6,12.31,17.66,22.26
2021-04-30 16:15:14+02:00,7.9,7.9,7.59,8.78,9.22
2021-04-30 16:20:14+02:00,7.7,7.7,5.73,6.34,6.34
2021-04-30 16:25:14+02:00,8.0,8.0,10.63,12.59,13.55
2021-04-30 16:30:14+02:00,7.9,7.9,14.85,20.75,25.68
2021-04-30 16:35:15+02:00,8.0,8.0,17.43,20.93,22.82
2021-04-30 16:40:15+02:00,7.7,7.7,7.42,10.0,12.04
2021-04-30 16:45:15+02:00,7.9,7.9,13.23,15.45,16.39
2021-04-30 16:50:14+02:00,7.9,7.9,7.42,8.2,8.2
2021-04-30 16:55:14+02:00,7.6,7.6,7.5,8.3,8.3
2021-04-30 17:00:14+02:00,7.4,7.4,6.27,6.93,6.93
2021-04-30 17:05:15+02:00,7.6,7.6,10.1,12.16,13.29
2021-04-30 17:10:14+02:00,7.8,7.8,10.02,11.08,11.08
2021-04-30 17:15:17+02:00,8.2,8.2,8.93,10.81,11.89
2021-04-30 17:20:17+02:00,7.8,7.8,5.0,6.06,6.67
2021-04-30 17:25:14+02:00,7.8,7.8,9.78,14.04,17.71
2021-04-30 17:30:20+02:00,7.5,7.5,5.3,5.86,5.86
2021-04-30 17:35:15+02:00,7.1,7.1,6.15,10.64,15.01
2021-04-30 17:40:14+02:00,7.0,7.0,5.01,5.54,5.54
2021-04-30 17:45:14+02:00,6.7,6.7,7.67,14.15,20.6
2021-04-30 17:50:15+02:00,6.2,6.2,24.71,27.31,27.31
2021-04-30 17:55:15+02:00,6.3,6.3,4.76,5.26,5.26
2021-04-30 18:00:14+02:00,6.2,6.2,4.21,5.07,5.54
2021-04-30 18:05:14+02:00,6.5,6.5,5.07,7.51,9.66
2021-04-30 18:10:14+02:00,6.4,6.4,9.04,10.0,10.0
2021-04-30 18:15:15+02:00,6.8,6.8,5.59,6.18,6.18
2021-04-30 18:20:15+02:00,7.0,7.0,8.42,10.63,12.13
2021-04-30 18:25:15+02:00,6.8,6.8,9.35,13.43,16.94
2021-04-30 18:30:14+02:00,6.8,6.8,7.27,8.7,9.47
2021-04-30 18:35:14+02:00,6.6,6.6,11.72,13.47,14.06
2021-04-30 18:40:15+02:00,6.8,6.8,6.66,8.06,8.87
2021-04-30 18:45:15+02:00,6.7,6.7,8.21,9.46,9.89
2021-04-30 18:50:14+02:00,6.7,6.7,7.22,8.55,9.19
2021-04-30 18:55:14+02:00,6.2,6.2,9.54,12.01,13.66
2021-04-30 19:00:14+02:00,6.4,6.4,9.71,10.73,10.73
2021-04-30 19:05:14+02:00,6.3,6.3,5.03,6.39,7.34
2021-04-30 19:10:15+02:00,6.3,6.3,9.78,10.81,10.81
2021-04-30 19:15:14+02:00,6.0,6.0,8.72,9.64,9.64
2021-04-30 19:20:14+02:00,5.9,5.9,10.29,12.36,13.49
2021-04-30 19:25:14+02:00,6.1,6.1,8.66,12.75,16.37
2021-04-30 19:30:14+02:00,5.8,5.8,13.99,17.89,20.66
2021-04-30 19:35:15+02:00,5.8,5.8,9.96,11.01,11.01
2021-04-30 19:40:17+02:00,5.8,5.8,8.92,10.08,10.32
2021-04-30 19:45:15+02:00,5.9,5.9,13.27,16.78,19.17
2021-04-30 19:50:14+02:00,5.9,5.9,11.46,14.55,16.7
2021-04-30 19:55:14+02:00,6.1,6.1,13.52,15.85,16.88
2021-04-30 20:00:14+02:00,6.1,6.1,9.55,10.89,11.28
2021-04-30 20:05:15+02:00,5.8,5.8,12.26,15.4,17.51
2021-04-30 20:10:15+02:00,6.0,6.0,16.98,19.9,21.2
2021-04-30 20:15:14+02:00,6.2,6.2,10.87,13.96,16.16
2021-04-30 20:20:52+02:00,,,25.25,34.29,41.54
2021-04-30 20:25:14+02:00,6.0,6.0,12.91,15.22,16.31
2021-04-30 20:30:52+02:00,,,27.43,31.99,33.89
2021-04-30 20:35:32+02:00,6.1,6.1,10.86,14.07,16.42
2021-04-30 20:40:15+02:00,6.1,6.1,9.03,11.23,12.66
2021-04-30 20:45:48+02:00,6.2,6.2,14.63,18.2,20.51
2021-04-30 20:50:52+02:00,,,14.46,21.09,26.89
2021-04-30 20:55:37+02:00,6.4,6.4,14.11,19.14,23.16
2021-04-30 21:00:14+02:00,6.0,6.0,7.52,8.31,8.31
2021-04-30 21:05:49+02:00,6.0,6.0,8.58,9.48,9.48
2021-04-30 21:10:17+02:00,5.9,5.9,10.42,17.39,24.07
2021-04-30 21:15:52+02:00,,,17.19,25.35,32.56
2021-04-30 21:20:51+02:00,,,8.18,9.04,9.04
2021-04-30 21:25:52+02:00,,,12.14,19.76,26.96
2021-04-30 21:30:30+02:00,0.0,0.0,6.76,7.47,7.47
2021-04-30 21:35:52+02:00,,,10.95,17.34,23.29
2021-04-30 21:40:27+02:00,6.1,6.1,8.83,9.76,9.76
2021-04-30 21:45:51+02:00,,,10.79,12.61,13.38
2021-04-30 21:50:34+02:00,6.0,6.0,7.32,9.64,11.39
2021-04-30 21:55:32+02:00,5.9,5.9,7.06,11.24,15.15
2021-04-30 22:00:15+02:00,5.8,5.8,16.91,33.84,51.06
2021-04-30 22:05:17+02:00,5.8,5.8,14.12,22.32,29.96
2021-04-30 22:10:15+02:00,5.8,5.8,16.52,25.92,34.63
2021-04-30 22:15:15+02:00,6.2,6.2,18.43,21.46,22.71
2021-04-30 22:20:15+02:00,6.0,6.0,12.12,16.06,19.08
2021-04-30 22:25:14+02:00,0.0,0.0,13.26,25.69,38.22
2021-04-30 22:30:52+02:00,,,10.11,12.35,13.69
2021-04-30 22:35:52+02:00,,,19.08,39.12,59.61
2021-04-30 22:40:17+02:00,5.7,5.7,22.62,34.29,44.85
2021-04-30 22:45:14+02:00,5.8,5.8,11.18,14.72,17.41
2021-04-30 22:50:15+02:00,5.8,5.8,27.13,58.38,90.66
2021-04-30 22:55:16+02:00,6.1,6.1,22.14,40.75,59.25
2021-04-30 23:00:14+02:00,6.2,6.2,17.98,30.52,42.61
2021-04-30 23:05:17+02:00,6.2,6.2,19.94,34.16,47.94
2021-04-30 23:10:14+02:00,6.2,6.2,18.18,30.96,43.31
2021-04-30 23:15:14+02:00,6.2,6.2,17.82,26.53,34.3
2021-04-30 23:20:14+02:00,5.9,5.9,14.17,21.09,27.27
2021-04-30 23:25:15+02:00,6.0,6.0,11.57,16.99,21.76
2021-04-30 23:30:15+02:00,6.1,6.1,24.33,41.16,57.39
2021-04-30 23:35:14+02:00,6.2,6.2,16.2,22.29,27.26
2021-04-30 23:40:14+02:00,6.1,6.1,24.41,49.07,74.18
2021-04-30 23:45:15+02:00,6.1,6.1,28.82,53.59,78.3
2021-04-30 23:50:15+02:00,6.3,6.3,42.68,90.67,140.11
2021-04-30 23:55:14+02:00,6.5,6.5,25.55,50.1,74.95
2021-05-01 00:00:14+02:00,6.4,6.4,34.48,67.4,100.69
2021-05-01 00:05:14+02:00,6.5,6.5,32.48,68.27,105.06
2021-05-01 00:10:15+02:00,6.6,6.6,29.8,53.57,77.03
2021-05-01 00:15:15+02:00,6.6,6.6,32.2,53.68,74.24
2021-05-01 00:20:17+02:00,6.6,6.6,24.19,44.72,65.17
2021-05-01 00:25:15+02:00,6.6,6.6,47.88,106.69,167.82
2021-05-01 00:30:19+02:00,6.6,6.6,37.6,63.02,87.42
2021-05-01 00:35:19+02:00,6.7,6.7,27.18,43.38,58.52
2021-05-01 00:40:14+02:00,6.5,6.5,38.14,65.38,91.77
2021-05-01 00:45:15+02:00,6.5,6.5,27.49,45.38,62.42
2021-05-01 00:50:15+02:00,6.4,6.4,23.97,39.74,54.8
2021-05-01 00:55:14+02:00,6.2,6.2,22.69,37.16,50.89
2021-05-01 01:00:16+02:00,6.1,6.1,30.39,53.82,76.83
2021-05-01 01:05:15+02:00,6.1,6.1,29.47,61.46,94.31
2021-05-01 01:10:15+02:00,6.2,6.2,23.2,43.63,64.07
2021-05-01 01:15:15+02:00,6.1,6.1,25.25,48.55,72.01
2021-05-01 01:20:14+02:00,6.2,6.2,25.9,54.41,83.71
2021-05-01 01:25:14+02:00,6.2,6.2,22.81,47.18,72.13
2021-05-01 01:30:14+02:00,6.1,6.1,24.28,49.75,75.79
2021-05-01 01:35:15+02:00,6.1,6.1,24.69,43.98,62.94
2021-05-01 01:40:42+02:00,6.3,6.3,22.42,33.83,44.12
2021-05-01 01:45:14+02:00,6.2,6.2,20.45,28.89,36.04
2021-05-01 01:50:14+02:00,6.2,6.2,22.99,40.21,57.03
2021-05-01 01:55:15+02:00,6.3,6.3,34.57,62.71,90.57
2021-05-01 02:00:14+02:00,6.2,6.2,23.49,33.37,41.78
2021-05-01 02:05:14+02:00,6.1,6.1,18.59,32.74,46.6
2021-05-01 02:10:14+02:00,6.1,6.1,28.88,51.49,73.73
2021-05-01 02:15:15+02:00,6.2,6.2,24.49,43.21,61.57
2021-05-01 02:20:15+02:00,6.3,6.3,25.85,39.78,52.53
2021-05-01 02:25:14+02:00,6.2,6.2,31.73,64.41,97.75
2021-05-01 02:30:14+02:00,6.1,6.1,30.99,49.16,66.1
2021-05-01 02:35:14+02:00,6.2,6.2,26.71,60.99,96.76
2021-05-01 02:40:15+02:00,6.2,6.2,21.76,43.38,65.35
2021-05-01 02:45:14+02:00,6.2,6.2,32.06,55.81,78.96
2021-05-01 02:50:14+02:00,6.3,6.3,22.06,39.7,57.12
2021-05-01 02:55:14+02:00,6.1,6.1,28.26,54.83,81.64
2021-05-01 03:00:15+02:00,6.2,6.2,30.2,58.33,86.68
2021-05-01 03:05:14+02:00,6.0,6.0,23.86,44.88,65.92
2021-05-01 03:10:14+02:00,6.1,6.1,29.18,56.11,83.24
2021-05-01 03:15:14+02:00,6.4,6.4,30.49,54.17,77.43
2021-05-01 03:20:14+02:00,6.4,6.4,21.79,35.77,49.06
2021-05-01 03:25:15+02:00,6.4,6.4,24.79,40.29,54.95
2021-05-01 03:30:14+02:00,6.1,6.1,26.52,47.03,67.17
2021-05-01 03:35:14+02:00,6.0,6.0,24.73,35.77,45.36
2021-05-01 03:40:14+02:00,5.9,5.9,32.78,62.05,91.4
2021-05-01 03:45:15+02:00,5.9,5.9,18.92,37.0,55.28
2021-05-01 03:50:15+02:00,5.9,5.9,21.41,43.72,66.51
2021-05-01 03:55:14+02:00,5.9,5.9,20.1,29.34,37.43
2021-05-01 04:00:14+02:00,5.8,5.8,24.44,45.41,66.32
2021-05-01 04:05:15+02:00,5.9,5.9,18.73,33.88,48.85
2021-05-01 04:10:20+02:00,5.8,5.8,38.07,84.58,132.88
2021-05-01 04:15:14+02:00,5.8,5.8,17.28,32.2,47.08
2021-05-01 04:20:14+02:00,5.7,5.7,34.07,56.45,77.8
2021-05-01 04:25:14+02:00,5.7,5.7,23.92,45.28,66.7
2021-05-01 04:30:15+02:00,5.8,5.8,22.89,36.84,49.96
2021-05-01 04:35:15+02:00,5.8,5.8,17.59,33.87,50.27
2021-05-01 04:40:14+02:00,5.9,5.9,27.53,43.45,58.25
2021-05-01 04:45:17+02:00,5.8,5.8,17.81,31.36,44.63
2021-05-01 04:50:14+02:00,5.9,5.9,20.45,39.89,59.54
2021-05-01 04:55:14+02:00,5.9,5.9,24.52,43.99,63.18
2021-05-01 05:00:14+02:00,5.8,5.8,18.87,30.59,41.65
2021-05-01 05:05:15+02:00,5.9,5.9,27.56,58.66,90.71
2021-05-01 05:10:15+02:00,6.0,6.0,20.06,28.34,35.36
2021-05-01 05:15:17+02:00,6.0,6.0,20.74,35.66,50.13
2021-05-01 05:20:15+02:00,6.0,6.0,22.35,47.26,72.9
2021-05-01 05:25:14+02:00,6.2,6.2,24.66,36.0,45.93
2021-05-01 05:30:14+02:00,6.3,6.3,20.69,32.78,44.05
2021-05-01 05:35:14+02:00,6.4,6.4,18.5,35.97,53.6
2021-05-01 05:40:15+02:00,6.4,6.4,13.25,23.13,32.78
2021-05-01 05:45:14+02:00,6.5,6.5,15.3,26.38,37.15
2021-05-01 05:50:14+02:00,6.5,6.5,34.01,50.47,65.11
2021-05-01 05:55:15+02:00,6.4,6.4,19.31,37.17,55.16
2021-05-01 06:00:15+02:00,6.3,6.3,25.12,39.24,52.27
2021-05-01 06:05:14+02:00,6.3,6.3,25.25,45.63,65.77
2021-05-01 06:10:14+02:00,6.3,6.3,24.57,31.63,36.72
2021-05-01 06:15:14+02:00,6.4,6.4,28.96,50.16,70.79
2021-05-01 06:20:15+02:00,6.4,6.4,25.24,42.34,58.75
2021-05-01 06:25:15+02:00,6.3,6.3,29.35,58.67,88.48
2021-05-01 06:30:14+02:00,6.3,6.3,33.05,54.81,75.58
2021-05-01 06:35:14+02:00,6.4,6.4,27.2,48.05,68.49
2021-05-01 06:40:15+02:00,6.3,6.3,24.94,41.77,57.9
2021-05-01 06:45:15+02:00,6.4,6.4,25.26,48.56,72.03
2021-05-01 06:50:14+02:00,6.4,6.4,26.4,40.93,54.28
2021-05-01 06:55:14+02:00,6.5,6.5,14.53,24.25,33.56
2021-05-01 07:00:14+02:00,6.6,6.6,22.02,45.16,68.83
2021-05-01 07:05:15+02:00,6.5,6.5,25.11,42.52,59.31
2021-05-01 07:10:14+02:00,6.6,6.6,15.86,31.64,47.68
2021-05-01 07:15:14+02:00,6.7,6.7,21.93,40.74,59.49
2021-05-01 07:20:22+02:00,6.8,6.8,15.56,23.51,30.68
2021-05-01 07:25:16+02:00,6.8,6.8,17.03,30.64,44.07
2021-05-01 07:30:14+02:00,6.9,6.9,19.15,31.58,43.4
2021-05-01 07:35:14+02:00,7.0,7.0,18.81,40.42,62.72
2021-05-01 07:40:15+02:00,6.9,6.9,18.73,35.06,51.38
2021-05-01 07:45:15+02:00,7.0,7.0,19.4,26.24,31.7
2021-05-01 07:50:14+02:00,7.1,7.1,21.94,38.41,54.5
2021-05-01 07:55:14+02:00,7.1,7.1,21.98,36.4,50.15
2021-05-01 08:00:14+02:00,7.1,7.1,25.86,52.0,78.62
2021-05-01 08:05:15+02:00,7.2,7.2,21.22,28.06,33.3
2021-05-01 08:10:15+02:00,7.2,7.2,26.82,51.76,76.91
2021-05-01 08:15:14+02:00,7.3,7.3,23.83,37.23,49.6
2021-05-01 08:20:14+02:00,7.7,7.7,18.84,31.87,44.43
2021-05-01 08:25:14+02:00,7.8,7.8,17.68,30.21,42.34
2021-05-01 08:30:15+02:00,7.7,7.7,19.47,28.75,36.96
2021-05-01 08:35:14+02:00,8.1,8.1,19.64,39.27,59.24
2021-05-01 08:40:14+02:00,8.3,8.3,23.4,43.63,63.83
2021-05-01 08:45:14+02:00,8.3,8.3,14.19,18.97,22.72
2021-05-01 08:50:15+02:00,8.4,8.4,21.85,33.86,44.9
2021-05-01 08:55:15+02:00,8.8,8.8,19.62,27.96,35.09
2021-05-01 09:00:17+02:00,9.0,9.0,25.13,33.59,40.19
2021-05-01 09:05:15+02:00,8.9,8.9,18.63,29.26,39.12
2021-05-01 09:10:15+02:00,8.7,8.7,17.7,23.88,28.79
2021-05-01 09:15:14+02:00,8.6,8.6,21.91,39.57,57.02
2021-05-01 09:20:14+02:00,8.5,8.5,21.6,37.97,53.99
2021-05-01 09:25:14+02:00,8.3,8.3,21.78,39.33,56.66
2021-05-01 09:30:15+02:00,8.5,8.5,19.65,32.08,43.85
2021-05-01 09:35:14+02:00,8.2,8.2,20.73,34.01,46.62
2021-05-01 09:40:17+02:00,8.2,8.2,16.79,22.91,27.86
2021-05-01 09:45:14+02:00,8.2,8.2,24.16,35.02,44.48
2021-05-01 09:50:14+02:00,8.3,8.3,20.55,44.02,68.24
2021-05-01 09:55:14+02:00,8.0,8.0,21.23,32.99,43.82
2021-05-01 10:00:14+02:00,8.2,8.2,18.32,28.73,38.38
2021-05-01 10:05:15+02:00,8.1,8.1,20.37,36.13,51.6
2021-05-01 10:10:15+02:00,8.2,8.2,24.08,33.45,41.22
2021-05-01 10:15:17+02:00,8.1,8.1,14.88,21.28,26.76
2021-05-01 10:20:15+02:00,8.1,8.1,25.94,40.03,52.93
2021-05-01 10:25:15+02:00,8.4,8.4,25.97,42.58,58.36
2021-05-01 10:30:14+02:00,8.2,8.2,19.74,30.45,40.27
2021-05-01 10:35:14+02:00,8.1,8.1,26.54,40.31,52.78
2021-05-01 10:40:20+02:00,8.3,8.3,16.64,24.49,31.41
2021-05-01 10:45:15+02:00,8.4,8.4,19.99,22.09,22.09
2021-05-01 10:50:14+02:00,8.3,8.3,16.92,25.55,33.33
2021-05-01 10:55:14+02:00,8.2,8.2,21.26,30.55,38.57
2021-05-01 11:00:22+02:00,8.4,8.4,15.18,26.82,38.24
2021-05-01 11:05:14+02:00,8.4,8.4,18.58,27.88,36.22
2021-05-01 11:10:14+02:00,8.5,8.5,18.71,27.1,34.4
2021-05-01 11:15:14+02:00,8.7,8.7,23.09,40.97,58.52
2021-05-01 11:20:14+02:00,8.8,8.8,16.69,22.57,27.26
2021-05-01 11:25:15+02:00,8.6,8.6,26.9,40.19,52.08
2021-05-01 11:30:14+02:00,8.7,8.7,22.19,40.81,59.32
2021-05-01 11:35:14+02:00,8.8,8.8,18.22,23.67,27.68
2021-05-01 11:40:14+02:00,8.7,8.7,22.39,34.78,46.18
2021-05-01 11:45:15+02:00,8.4,8.4,26.4,44.64,62.22
2021-05-01 11:50:14+02:00,8.6,8.6,17.24,30.82,44.21
2021-05-01 11:55:14+02:00,8.7,8.7,22.02,35.51,48.22
2021-05-01 12:00:14+02:00,8.5,8.5,25.87,34.53,41.29
2021-05-01 12:05:17+02:00,8.3,8.3,18.65,25.42,30.88
2021-05-01 12:10:14+02:00,8.3,8.3,20.95,30.03,37.85
2021-05-01 12:15:15+02:00,8.3,8.3,21.31,29.71,36.7
2021-05-01 12:20:15+02:00,8.5,8.5,17.21,29.9,42.27
2021-05-01 12:25:15+02:00,8.4,8.4,19.49,31.85,43.57
2021-05-01 12:30:14+02:00,8.5,8.5,22.62,41.21,59.62
2021-05-01 12:35:14+02:00,8.5,8.5,17.87,26.89,35.0
2021-05-01 12:40:15+02:00,8.8,8.8,17.01,21.4,24.36
2021-05-01 12:45:15+02:00,9.0,9.0,12.3,16.09,18.92
2021-05-01 12:50:14+02:00,9.1,9.1,16.09,23.41,29.8
2021-05-01 12:55:17+02:00,8.9,8.9,16.87,22.08,25.97
2021-05-01 13:00:14+02:00,8.9,8.9,17.28,23.91,29.38
2021-05-01 13:05:14+02:00,8.8,8.8,22.2,29.53,35.21
2021-05-01 13:10:14+02:00,8.9,8.9,14.43,21.22,27.21
2021-05-01 13:20:15+02:00,8.8,8.8,16.9,21.01,23.66
2021-05-01 13:25:14+02:00,8.7,8.7,15.62,24.66,33.06
2021-05-01 13:30:14+02:00,8.6,8.6,19.1,26.96,33.61
2021-05-01 13:35:17+02:00,8.9,8.9,15.79,22.78,28.84
2021-05-01 13:40:14+02:00,8.8,8.8,8.87,11.35,13.12
2021-05-01 13:45:14+02:00,8.7,8.7,15.25,25.4,35.11
2021-05-01 13:50:15+02:00,8.4,8.4,16.16,28.28,40.13
2021-05-01 13:55:14+02:00,8.5,8.5,14.5,18.75,21.84
2021-05-01 14:00:14+02:00,8.3,8.3,10.41,14.03,16.91
2021-05-01 14:05:14+02:00,8.3,8.3,11.07,14.74,17.6
2021-05-01 14:10:17+02:00,8.6,8.6,18.93,21.73,22.65
2021-05-01 14:15:14+02:00,8.6,8.6,15.32,25.68,35.63
2021-05-01 14:20:15+02:00,8.6,8.6,16.07,24.94,33.11
2021-05-01 14:25:15+02:00,8.6,8.6,13.92,18.69,22.44
2021-05-01 14:30:15+02:00,8.7,8.7,15.37,18.64,20.52
2021-05-01 14:35:14+02:00,8.7,8.7,13.74,16.65,18.3
2021-05-01 14:40:14+02:00,9.0,9.0,13.51,20.53,26.89
2021-05-01 14:45:15+02:00,9.2,9.2,10.97,13.74,15.58
2021-05-01 14:50:15+02:00,9.3,9.3,13.54,16.82,18.92
2021-05-01 14:55:14+02:00,9.3,9.3,17.13,23.07,27.78
2021-05-01 15:00:14+02:00,9.2,9.2,13.88,21.88,29.3
2021-05-01 15:05:14+02:00,9.1,9.1,17.88,25.32,31.65
2021-05-01 15:10:15+02:00,9.1,9.1,17.59,23.46,28.04
2021-05-01 15:15:14+02:00,9.2,9.2,12.13,15.66,18.21
2021-05-01 15:20:14+02:00,9.2,9.2,17.53,20.26,21.25
2021-05-01 15:25:17+02:00,9.3,9.3,12.88,17.59,21.4
2021-05-01 15:30:14+02:00,9.2,9.2,9.05,11.42,13.02
2021-05-01 15:35:14+02:00,9.2,9.2,15.18,22.07,28.1
2021-05-01 15:40:14+02:00,9.5,9.5,13.18,21.38,29.11
2021-05-01 15:45:15+02:00,9.5,9.5,15.5,21.44,26.35
2021-05-01 15:50:15+02:00,9.0,9.0,16.92,22.21,26.2
2021-05-01 15:55:14+02:00,9.0,9.0,15.71,22.76,28.9
2021-05-01 16:00:14+02:00,9.2,9.2,12.91,15.92,17.8
2021-05-01 16:05:15+02:00,9.1,9.1,9.27,12.59,15.25
2021-05-01 16:10:14+02:00,8.9,8.9,12.11,15.49,17.89
2021-05-01 16:15:14+02:00,8.4,8.4,14.42,23.45,31.98
2021-05-01 16:20:14+02:00,8.6,8.6,10.81,15.92,20.44
2021-05-01 16:25:14+02:00,8.5,8.5,18.94,23.73,26.91
2021-05-01 16:30:15+02:00,8.4,8.4,12.21,19.75,26.86
2021-05-01 16:35:14+02:00,8.3,8.3,16.52,24.19,30.93
2021-05-01 16:40:14+02:00,8.3,8.3,16.76,19.51,20.61
2021-05-01 16:45:14+02:00,8.2,8.2,14.15,21.63,28.44
2021-05-01 16:50:15+02:00,8.1,8.1,20.2,31.3,41.49
2021-05-01 16:55:15+02:00,7.9,7.9,15.48,31.61,48.1
2021-05-01 17:00:14+02:00,8.1,8.1,19.4,31.28,42.46
2021-05-01 17:05:14+02:00,7.9,7.9,24.45,45.14,65.73
2021-05-01 17:10:14+02:00,7.8,7.8,14.9,23.39,31.26
2021-05-01 17:15:15+02:00,7.4,7.4,17.78,32.55,47.21
2021-05-01 17:20:15+02:00,7.6,7.6,18.52,31.14,43.28
2021-05-01 17:25:15+02:00,7.3,7.3,16.72,30.49,44.13
2021-05-01 17:30:14+02:00,7.4,7.4,22.69,32.66,41.27
2021-05-01 17:35:14+02:00,7.6,7.6,24.5,38.55,51.6
2021-05-01 17:40:17+02:00,7.4,7.4,17.69,30.31,42.52
2021-05-01 17:45:17+02:00,7.5,7.5,22.9,37.24,50.8
2021-05-01 17:50:15+02:00,7.5,7.5,23.74,45.44,67.27
2021-05-01 17:55:14+02:00,7.2,7.2,28.38,62.23,97.32
2021-05-01 18:00:14+02:00,7.4,7.4,20.22,32.62,44.28
2021-05-01 18:05:14+02:00,7.4,7.4,22.42,32.93,42.18
2021-05-01 18:10:15+02:00,7.2,7.2,16.51,24.24,31.04
2021-05-01 18:15:14+02:00,7.2,7.2,19.18,30.31,40.67
2021-05-01 18:20:14+02:00,7.1,7.1,19.09,24.63,28.64
2021-05-01 18:25:14+02:00,6.9,6.9,24.43,44.2,63.74
2021-05-01 18:30:14+02:00,7.0,7.0,14.42,18.19,20.75
2021-05-01 18:35:15+02:00,6.9,6.9,26.41,35.03,41.67
2021-05-01 18:40:14+02:00,7.0,7.0,17.42,24.93,31.39
2021-05-01 18:45:14+02:00,6.9,6.9,20.34,35.18,49.62
2021-05-01 18:47:27+02:00,6.7,6.7,15.78,23.07,29.47
2021-05-01 18:50:15+02:00,6.7,6.7,26.2,40.85,54.37
2021-05-01 18:55:15+02:00,6.9,6.9,18.97,29.94,40.13
2021-05-01 19:00:14+02:00,6.8,6.8,19.25,28.0,35.64
2021-05-01 19:05:14+02:00,6.6,6.6,13.62,20.68,27.07
2021-05-01 19:10:14+02:00,6.6,6.6,18.41,26.52,33.54
2021-05-01 19:15:15+02:00,6.6,6.6,18.46,26.13,32.63
2021-05-01 19:20:15+02:00,6.5,6.5,20.57,30.41,39.13
2021-05-01 19:25:14+02:00,6.5,6.5,21.12,40.57,60.14
2021-05-01 19:30:14+02:00,6.4,6.4,15.96,24.4,32.07
2021-05-01 19:35:14+02:00,6.3,6.3,28.74,41.97,53.56
2021-05-01 19:40:15+02:00,6.4,6.4,17.21,23.59,28.78
2021-05-01 19:45:15+02:00,6.5,6.5,17.51,27.0,35.7
2021-05-01 19:50:14+02:00,6.4,6.4,26.32,35.75,43.32
2021-05-01 19:55:14+02:00,6.4,6.4,21.52,43.53,65.97
2021-05-01 20:00:14+02:00,6.4,6.4,21.34,30.32,37.99
2021-05-01 20:10:17+02:00,6.4,6.4,17.97,29.8,41.1
2021-05-01 20:15:16+02:00,6.4,6.4,15.0,24.45,33.4
2021-05-01 20:20:14+02:00,6.4,6.4,19.4,27.57,34.52
2021-05-01 20:25:14+02:00,6.4,6.4,29.6,43.57,55.9
2021-05-01 20:30:14+02:00,6.3,6.3,14.91,25.99,36.79
2021-05-01 20:35:15+02:00,6.3,6.3,27.83,54.74,82.01
2021-05-01 20:40:14+02:00,6.5,6.5,20.04,32.75,44.79
2021-05-01 20:45:14+02:00,6.2,6.2,15.93,30.8,45.79
2021-05-01 20:50:14+02:00,6.2,6.2,22.91,42.48,61.99
2021-05-01 20:55:15+02:00,6.3,6.3,20.84,33.06,44.46
2021-05-01 21:00:14+02:00,6.2,6.2,22.03,37.53,52.51
2021-05-01 21:05:19+02:00,6.2,6.2,31.46,52.63,72.94
2021-05-01 21:10:14+02:00,6.2,6.2,43.72,86.78,130.48
2021-05-01 21:15:15+02:00,6.3,6.3,22.56,33.62,43.48
2021-05-01 21:20:15+02:00,6.4,6.4,14.4,20.06,24.76
2021-05-01 21:25:14+02:00,6.3,6.3,22.09,37.6,52.58
2021-05-01 21:30:14+02:00,6.1,6.1,19.03,36.0,53.0
2021-05-01 21:35:14+02:00,6.2,6.2,18.26,32.61,46.75
2021-05-01 21:40:15+02:00,6.2,6.2,15.12,24.53,33.41
2021-05-01 21:45:14+02:00,6.1,6.1,8.0,11.33,14.16
2021-05-01 21:50:14+02:00,6.1,6.1,11.93,16.5,20.26
2021-05-01 21:55:14+02:00,6.1,6.1,19.34,32.02,44.11
2021-05-01 22:00:14+02:00,6.2,6.2,22.52,46.37,70.78
2021-05-01 22:05:15+02:00,6.2,6.2,10.3,12.87,14.55
2021-05-01 22:10:14+02:00,6.1,6.1,22.25,50.4,79.73
2021-05-01 22:15:14+02:00,6.1,6.1,16.06,23.06,29.1
2021-05-01 22:20:14+02:00,6.1,6.1,12.11,17.69,22.59
2021-05-01 22:25:20+02:00,6.1,6.1,20.39,35.27,49.75
2021-05-01 22:30:15+02:00,6.1,6.1,6.2,8.28,9.89
2021-05-01 22:35:15+02:00,6.1,6.1,14.47,19.54,23.58
2021-05-01 22:40:15+02:00,6.0,6.0,13.19,27.39,41.95
2021-05-01 22:45:14+02:00,6.0,6.0,17.27,34.57,52.16
2021-05-01 22:50:14+02:00,6.1,6.1,7.35,9.36,10.77
2021-05-01 22:55:15+02:00,6.0,6.0,9.72,10.74,10.74
2021-05-01 23:00:15+02:00,5.9,5.9,16.77,37.76,59.62
2021-05-01 23:05:14+02:00,5.8,5.8,8.03,13.89,19.59
2021-05-01 23:10:14+02:00,5.6,5.6,4.11,4.54,4.54
2021-05-01 23:15:14+02:00,5.3,5.3,10.39,12.24,13.1
2021-05-01 23:20:15+02:00,5.2,5.2,7.36,12.19,16.8
2021-05-01 23:25:15+02:00,5.2,5.2,11.12,12.3,12.3
2021-05-01 23:30:14+02:00,4.9,4.9,6.59,11.25,15.74
2021-05-01 23:35:19+02:00,4.7,4.7,2.73,4.6,6.4
2021-05-01 23:40:14+02:00,4.8,4.8,4.74,6.31,7.54
2021-05-01 23:45:15+02:00,4.7,4.7,3.09,4.61,5.97
2021-05-01 23:50:15+02:00,4.8,4.8,7.14,9.74,11.84
2021-05-01 23:55:19+02:00,4.9,4.9,4.91,6.84,8.46
2021-05-02 00:00:14+02:00,4.9,4.9,3.95,6.51,8.96
2021-05-02 00:05:14+02:00,4.6,4.6,5.93,15.85,26.42
2021-05-02 00:10:15+02:00,4.5,4.5,4.02,4.44,4.44
2021-05-02 00:15:15+02:00,4.7,4.7,3.45,6.15,8.81
2021-05-02 00:20:14+02:00,4.7,4.7,2.86,3.16,3.16
2021-05-02 00:25:14+02:00,4.4,4.4,2.35,2.59,2.59
2021-05-02 00:30:14+02:00,4.3,4.3,0.71,1.37,2.05
2021-05-02 00:35:15+02:00,4.2,4.2,3.84,6.12,8.26
2021-05-02 00:40:14+02:00,4.2,4.2,4.99,7.09,8.89
2021-05-02 00:45:14+02:00,4.4,4.4,2.95,3.26,3.26
2021-05-02 00:50:14+02:00,4.4,4.4,6.36,10.04,13.47
2021-05-02 00:55:15+02:00,4.6,4.6,3.6,7.17,10.81
2021-05-02 01:00:15+02:00,4.8,4.8,5.4,10.73,16.15
2021-05-02 01:05:20+02:00,4.9,4.9,7.86,8.69,8.69
2021-05-02 01:10:15+02:00,4.9,4.9,9.29,18.42,27.68
2021-05-02 01:15:14+02:00,5.0,5.0,1.9,2.1,2.1
2021-05-02 01:20:22+02:00,4.9,4.9,2.56,2.83,2.83
2021-05-02 01:25:14+02:00,4.9,4.9,5.28,9.21,13.04
2021-05-02 01:30:15+02:00,5.0,5.0,1.92,2.12,2.12
2021-05-02 01:35:15+02:00,4.9,4.9,5.45,11.64,18.02
2021-05-02 01:40:15+02:00,5.0,5.0,2.57,3.39,4.01
2021-05-02 01:45:15+02:00,5.1,5.1,2.24,3.73,5.15
2021-05-02 01:50:14+02:00,4.9,4.9,3.88,6.39,8.77
2021-05-02 01:55:14+02:00,5.0,5.0,11.24,20.71,30.13
2021-05-02 02:00:15+02:00,5.0,5.0,2.58,4.13,5.58
2021-05-02 02:05:15+02:00,4.8,4.8,0.9,1.82,2.75
2021-05-02 02:10:14+02:00,4.9,4.9,6.97,13.55,20.2
2021-05-02 02:15:15+02:00,4.7,4.7,1.55,2.17,2.69
2021-05-02 02:20:14+02:00,4.7,4.7,1.03,2.02,3.03
2021-05-02 02:25:14+02:00,4.8,4.8,1.25,1.7,2.08
2021-05-02 02:30:15+02:00,4.9,4.9,6.74,18.03,30.05
2021-05-02 02:35:14+02:00,5.1,5.1,1.92,2.65,3.25
2021-05-02 02:40:14+02:00,5.1,5.1,1.96,3.25,4.49
2021-05-02 02:45:14+02:00,5.1,5.1,2.4,3.22,3.85
2021-05-02 02:50:15+02:00,5.1,5.1,8.46,11.76,14.5
2021-05-02 02:55:15+02:00,5.1,5.1,3.61,7.1,10.64
2021-05-02 03:00:15+02:00,5.2,5.2,4.55,5.03,5.03
2021-05-02 03:05:14+02:00,5.1,5.1,3.95,4.37,4.37
2021-05-02 03:10:14+02:00,5.1,5.1,7.53,11.66,15.46
2021-05-02 03:15:14+02:00,5.2,5.2,4.51,4.98,4.98
2021-05-02 03:20:15+02:00,5.2,5.2,3.56,3.94,3.94
2021-05-02 03:25:15+02:00,5.1,5.1,3.97,4.39,4.39
2021-05-02 03:30:14+02:00,5.1,5.1,1.95,3.14,4.27
2021-05-02 03:35:14+02:00,5.2,5.2,3.2,5.86,8.51
2021-05-02 03:40:15+02:00,5.2,5.2,0.85,1.74,2.66
2021-05-02 03:45:20+02:00,5.3,5.3,2.53,4.23,5.87
2021-05-02 03:50:18+02:00,5.3,5.3,1.32,1.89,2.38
2021-05-02 03:55:15+02:00,5.3,5.3,2.0,3.6,5.17
2021-05-02 04:00:15+02:00,5.3,5.3,4.29,8.09,11.91
2021-05-02 04:05:14+02:00,5.3,5.3,6.3,12.26,18.28
2021-05-02 04:10:14+02:00,5.2,5.2,4.07,7.14,10.14
2021-05-02 04:15:14+02:00,5.1,5.1,5.16,8.79,12.3
2021-05-02 04:20:14+02:00,5.2,5.2,1.77,1.96,1.96
2021-05-02 04:25:15+02:00,5.1,5.1,2.27,2.51,2.51
2021-05-02 04:30:17+02:00,5.0,5.0,1.8,1.99,1.99
2021-05-02 04:35:14+02:00,5.0,5.0,2.61,4.21,5.72
2021-05-02 04:40:15+02:00,4.8,4.8,2.78,3.08,3.08
2021-05-02 04:45:14+02:00,4.7,4.7,2.34,3.55,4.64
2021-05-02 04:50:14+02:00,4.7,4.7,7.57,12.75,17.73
2021-05-02 04:55:14+02:00,4.7,4.7,2.5,3.51,4.36
2021-05-02 05:00:14+02:00,4.8,4.8,2.27,2.51,2.51
2021-05-02 05:05:14+02:00,4.8,4.8,5.15,8.37,11.41
2021-05-02 05:10:15+02:00,4.9,4.9,3.5,6.43,9.35
2021-05-02 05:15:14+02:00,4.9,4.9,3.26,5.51,7.68
2021-05-02 05:20:14+02:00,5.0,5.0,2.52,3.55,4.42
2021-05-02 05:25:14+02:00,5.0,5.0,2.68,4.15,5.5
2021-05-02 05:30:15+02:00,5.0,5.0,1.53,3.21,4.94
2021-05-02 05:35:15+02:00,5.0,5.0,1.25,1.71,2.09
2021-05-02 05:40:14+02:00,5.0,5.0,4.62,8.31,11.96
2021-05-02 05:50:14+02:00,4.9,4.9,2.9,3.2,3.2
2021-05-02 05:55:14+02:00,4.9,4.9,2.02,3.23,4.37
2021-05-02 06:00:14+02:00,4.9,4.9,2.9,3.2,3.2
2021-05-02 06:05:15+02:00,5.0,5.0,5.0,5.53,5.53
2021-05-02 06:10:14+02:00,4.9,4.9,9.11,11.74,13.64
2021-05-02 06:15:14+02:00,5.0,5.0,4.08,7.28,10.43
2021-05-02 06:20:14+02:00,5.0,5.0,4.27,5.88,7.2
2021-05-02 06:25:15+02:00,5.0,5.0,4.01,6.54,8.94
2021-05-02 06:30:15+02:00,5.1,5.1,6.16,9.04,11.56
2021-05-02 06:35:14+02:00,5.1,5.1,4.36,5.5,6.27
2021-05-02 06:40:14+02:00,5.2,5.2,3.81,4.78,5.43
2021-05-02 06:45:15+02:00,5.3,5.3,8.04,14.09,20.02
2021-05-02 06:50:15+02:00,5.2,5.2,6.81,11.08,15.12
2021-05-02 06:55:14+02:00,5.2,5.2,10.8,19.26,27.58
2021-05-02 07:00:14+02:00,5.3,5.3,6.8,12.85,18.91
2021-05-02 07:05:15+02:00,5.4,5.4,5.83,8.26,10.33
2021-05-02 07:10:15+02:00,5.4,5.4,6.1,8.51,10.51
2021-05-02 07:15:14+02:00,5.4,5.4,6.86,10.26,13.3
2021-05-02 07:20:14+02:00,5.3,5.3,7.17,11.38,15.3
2021-05-02 07:25:16+02:00,5.4,5.4,8.64,9.55,9.55
2021-05-02 07:30:14+02:00,5.4,5.4,7.92,9.68,10.74
2021-05-02 07:35:15+02:00,5.1,5.1,15.16,25.41,35.24
2021-05-02 07:40:15+02:00,5.3,5.3,5.4,6.48,7.06
2021-05-02 07:45:14+02:00,5.1,5.1,9.16,13.69,17.76
2021-05-02 07:50:14+02:00,5.3,5.3,19.36,36.33,53.3
2021-05-02 07:55:14+02:00,5.4,5.4,19.84,31.08,41.49
2021-05-02 08:00:20+02:00,5.3,5.3,14.73,21.6,27.64
2021-05-02 08:05:17+02:00,5.6,5.6,22.2,36.07,49.19
2021-05-02 08:10:17+02:00,5.8,5.8,11.88,14.51,16.07
2021-05-02 08:15:14+02:00,5.8,5.8,29.01,53.69,78.27
2021-05-02 08:20:16+02:00,6.1,6.1,13.66,21.09,27.89
2021-05-02 08:25:14+02:00,6.1,6.1,20.42,36.61,52.56
2021-05-02 08:30:19+02:00,6.3,6.3,15.59,28.2,40.67
2021-05-02 08:35:17+02:00,6.3,6.3,11.13,14.91,17.88
2021-05-02 08:40:14+02:00,6.4,6.4,21.78,36.52,50.66
2021-05-02 08:45:15+02:00,6.2,6.2,14.95,18.42,20.57
2021-05-02 08:50:15+02:00,6.3,6.3,18.68,27.08,34.4
2021-05-02 08:55:14+02:00,6.3,6.3,14.13,17.01,18.59
2021-05-02 09:00:14+02:00,6.5,6.5,17.49,28.34,38.58
2021-05-02 09:05:15+02:00,6.7,6.7,19.46,33.96,48.11
2021-05-02 09:10:15+02:00,6.5,6.5,15.57,25.0,33.85
2021-05-02 09:15:14+02:00,6.4,6.4,17.05,23.25,28.26
2021-05-02 09:20:14+02:00,6.5,6.5,15.48,19.41,22.03
2021-05-02 09:25:16+02:00,7.2,7.2,10.63,14.77,18.2
2021-05-02 09:30:14+02:00,7.2,7.2,10.41,15.67,20.4
2021-05-02 09:35:14+02:00,7.6,7.6,9.92,14.86,19.29
2021-05-02 09:40:15+02:00,7.2,7.2,7.31,11.83,16.09
2021-05-02 09:45:15+02:00,7.1,7.1,12.29,20.7,28.8
2021-05-02 09:50:15+02:00,7.3,7.3,5.24,8.46,11.48
2021-05-02 09:55:14+02:00,7.8,7.8,7.47,8.26,8.26
2021-05-02 10:00:14+02:00,7.5,7.5,5.61,9.29,12.81
2021-05-02 10:05:15+02:00,7.3,7.3,6.99,10.62,13.92
2021-05-02 10:10:15+02:00,7.7,7.7,5.9,8.58,10.92
2021-05-02 10:15:17+02:00,7.6,7.6,9.26,13.65,17.52
2021-05-02 10:20:15+02:00,7.6,7.6,6.52,8.05,9.01
2021-05-02 10:25:15+02:00,7.6,7.6,9.46,12.53,14.88
2021-05-02 10:30:14+02:00,8.0,8.0,7.8,12.64,17.2
2021-05-02 10:35:14+02:00,7.9,7.9,3.89,6.05,8.05
2021-05-02 10:40:15+02:00,7.9,7.9,6.44,7.12,7.12
2021-05-02 10:45:15+02:00,8.1,8.1,5.0,6.54,7.69
2021-05-02 10:50:14+02:00,8.0,8.0,12.08,16.6,20.28
2021-05-02 10:55:14+02:00,8.3,8.3,6.53,7.22,7.22
2021-05-02 11:00:15+02:00,8.4,8.4,3.92,5.76,7.39
2021-05-02 11:05:17+02:00,9.0,9.0,7.13,7.88,7.88
2021-05-02 11:10:14+02:00,9.0,9.0,6.59,7.29,7.29
2021-05-02 11:15:15+02:00,9.1,9.1,5.11,7.43,9.45
2021-05-02 11:20:15+02:00,8.5,8.5,11.83,14.77,16.71
2021-05-02 11:25:14+02:00,8.3,8.3,7.55,8.34,8.34
2021-05-02 11:30:17+02:00,9.5,9.5,6.35,7.58,8.21
2021-05-02 11:35:14+02:00,9.6,9.6,4.97,5.5,5.5
2021-05-02 11:40:14+02:00,10.9,10.9,8.74,10.09,10.59
2021-05-02 11:45:14+02:00,11.2,11.2,9.61,14.92,19.8
2021-05-02 11:50:15+02:00,11.1,11.1,5.43,6.33,6.7
2021-05-02 11:55:14+02:00,11.1,11.1,8.04,10.67,12.71
2021-05-02 12:00:14+02:00,11.5,11.5,8.44,9.33,9.33
2021-05-02 12:05:14+02:00,11.6,11.6,7.92,9.15,9.6
2021-05-02 12:10:24+02:00,11.6,11.6,7.26,9.38,10.93
2021-05-02 12:15:15+02:00,11.6,11.6,4.93,5.45,5.45
2021-05-02 12:20:17+02:00,11.7,11.7,7.93,10.88,13.27
2021-05-02 12:25:14+02:00,11.7,11.7,9.11,10.07,10.07
2021-05-02 12:30:15+02:00,11.9,11.9,7.19,7.94,7.94
2021-05-02 12:35:17+02:00,10.5,10.5,6.55,7.37,7.52
2021-05-02 12:40:14+02:00,10.5,10.5,8.07,8.93,8.93
2021-05-02 12:45:15+02:00,10.1,10.1,6.93,8.73,9.93
2021-05-02 12:50:15+02:00,9.8,9.8,9.0,9.95,9.95
2021-05-02 12:55:17+02:00,9.3,9.3,9.15,10.12,10.12
2021-05-02 13:00:17+02:00,9.1,9.1,9.4,11.0,11.68
2021-05-02 13:05:14+02:00,9.1,9.1,12.2,13.48,13.48
2021-05-02 13:10:15+02:00,10.2,10.2,4.72,7.79,10.71
2021-05-02 13:15:15+02:00,10.4,10.4,10.47,11.57,11.57
2021-05-02 13:20:14+02:00,11.2,11.2,8.98,9.93,9.93
2021-05-02 13:25:14+02:00,11.6,11.6,8.15,10.58,12.38
2021-05-02 13:30:14+02:00,11.5,11.5,6.56,7.49,7.77
2021-05-02 13:35:15+02:00,11.8,11.8,9.23,10.2,10.2
2021-05-02 13:40:15+02:00,12.1,12.1,6.48,7.77,8.46
2021-05-02 13:45:17+02:00,11.7,11.7,11.34,14.2,16.09
2021-05-02 13:50:15+02:00,11.7,11.7,10.44,14.32,17.49
2021-05-02 13:55:14+02:00,12.5,12.5,10.81,14.15,16.65
2021-05-02 14:00:14+02:00,12.4,12.4,10.78,11.92,11.92
2021-05-02 14:05:14+02:00,13.0,13.0,6.47,7.15,7.15
2021-05-02 14:10:15+02:00,12.8,12.8,8.18,11.39,14.05
2021-05-02 14:15:17+02:00,12.3,12.3,8.53,9.43,9.43
2021-05-02 14:20:14+02:00,12.3,12.3,11.89,13.14,13.14
2021-05-02 14:25:15+02:00,11.1,11.1,8.84,10.69,11.72
2021-05-02 14:30:14+02:00,9.7,9.7,8.84,9.78,9.78
2021-05-02 14:35:14+02:00,7.3,7.3,11.41,14.23,16.07
2021-05-02 14:40:14+02:00,5.1,5.1,25.35,46.71,67.97
2021-05-02 14:45:17+02:00,4.2,4.2,28.17,56.46,85.23
2021-05-02 14:50:19+02:00,4.2,4.2,38.19,66.71,94.57
2021-05-02 15:15:15+02:00,4.2,4.2,61.82,129.88,199.84
2021-05-02 15:20:15+02:00,8.2,8.2,41.0,86.49,133.29
2021-05-02 15:25:14+02:00,8.8,8.8,49.23,92.38,135.53
2021-05-02 15:30:14+02:00,9.2,9.2,38.87,78.14,118.12
2021-05-02 15:35:15+02:00,9.9,9.9,22.85,31.92,39.5
2021-05-02 15:40:15+02:00,10.0,10.0,36.26,66.16,95.8
2021-05-02 15:45:14+02:00,10.0,10.0,21.69,25.69,27.65
2021-05-02 15:50:14+02:00,9.6,9.6,17.12,22.98,27.6
2021-05-02 15:55:19+02:00,9.2,9.2,31.32,57.32,83.12
2021-05-02 16:00:15+02:00,9.2,9.2,15.02,17.05,17.56
2021-05-02 16:05:14+02:00,8.8,8.8,34.87,61.32,87.23
2021-05-02 16:10:14+02:00,9.3,9.3,17.38,22.9,27.09
2021-05-02 16:15:14+02:00,9.2,9.2,15.3,18.66,20.64
2021-05-02 16:20:14+02:00,6.6,6.6,17.07,23.28,28.29
2021-05-02 16:25:15+02:00,6.6,6.6,17.55,23.7,28.6
2021-05-02 16:30:14+02:00,6.3,6.3,16.24,19.58,21.43
2021-05-02 16:35:14+02:00,6.0,6.0,33.56,68.92,105.1
2021-05-02 16:40:14+02:00,6.0,6.0,66.73,138.82,212.76
2021-05-02 16:45:15+02:00,8.2,8.2,55.56,115.45,176.87
2021-05-02 16:50:15+02:00,8.8,8.8,39.51,61.09,80.9
2021-05-02 16:55:14+02:00,8.2,8.2,21.2,40.36,59.61
2021-05-02 17:00:14+02:00,0.0,0.0,36.91,77.81,119.87
2021-05-02 17:05:15+02:00,0.0,0.0,38.48,77.62,117.51
2021-05-02 17:10:15+02:00,7.1,7.1,31.18,42.52,51.68
2021-05-02 17:15:16+02:00,7.4,7.4,30.73,53.49,75.68
2021-05-02 17:20:15+02:00,7.5,7.5,29.9,61.23,93.28
2021-05-02 17:25:14+02:00,7.3,7.3,37.53,71.37,105.35
2021-05-02 17:30:14+02:00,0.0,0.0,28.44,43.03,56.21
2021-05-02 17:35:14+02:00,7.5,7.5,33.57,63.66,93.84
2021-05-02 17:40:15+02:00,7.8,7.8,20.04,26.72,31.91
2021-05-02 17:45:14+02:00,6.9,6.9,24.68,27.28,27.28
2021-05-02 17:50:14+02:00,7.1,7.1,30.07,48.77,66.43
2021-05-02 17:55:14+02:00,7.1,7.1,26.57,41.08,54.39
2021-05-02 18:00:15+02:00,6.8,6.8,28.28,50.12,71.57
2021-05-02 18:05:15+02:00,6.7,6.7,34.72,61.1,86.93
2021-05-02 18:10:17+02:00,6.5,6.5,42.92,77.47,111.6
2021-05-02 18:15:20+02:00,6.7,6.7,34.1,69.68,106.04
2021-05-02 18:20:15+02:00,6.7,6.7,32.36,55.33,77.57
2021-05-02 18:25:15+02:00,6.5,6.5,33.84,55.43,75.92
2021-05-02 18:30:14+02:00,6.4,6.4,30.94,40.07,46.75
2021-05-02 18:35:14+02:00,6.4,6.4,31.02,38.59,43.48
2021-05-02 18:40:14+02:00,6.5,6.5,25.81,40.9,54.96
2021-05-02 18:45:15+02:00,6.5,6.5,23.6,33.11,41.1
2021-05-02 18:50:14+02:00,6.4,6.4,38.79,64.77,89.65
2021-05-02 18:55:14+02:00,6.4,6.4,33.2,54.76,75.31
2021-05-02 19:00:14+02:00,6.4,6.4,34.58,60.11,84.99
2021-05-02 19:05:15+02:00,6.5,6.5,25.49,36.36,45.67
2021-05-02 19:10:14+02:00,6.5,6.5,19.26,21.29,21.29
2021-05-02 19:15:14+02:00,6.0,6.0,30.87,42.62,52.27
2021-05-02 19:20:14+02:00,5.9,5.9,23.54,29.28,32.99
2021-05-02 19:25:15+02:00,5.7,5.7,35.97,56.19,74.86
2021-05-02 19:30:15+02:00,5.7,5.7,19.13,24.97,29.33
2021-05-02 19:35:14+02:00,5.6,5.6,30.14,43.13,54.28
2021-05-02 19:40:14+02:00,5.6,5.6,27.19,45.24,62.51
2021-05-02 19:45:14+02:00,5.5,5.5,40.68,60.81,78.82
2021-05-02 19:50:17+02:00,5.2,5.2,43.09,74.52,105.09
2021-05-02 19:55:14+02:00,5.1,5.1,37.35,65.9,93.88
2021-05-02 20:00:15+02:00,5.2,5.2,39.91,72.1,103.92
2021-05-02 20:05:15+02:00,5.0,5.0,32.23,50.2,66.76
2021-05-02 20:10:14+02:00,5.1,5.1,21.75,30.65,38.16
2021-05-02 20:15:14+02:00,5.0,5.0,42.0,88.93,137.26
2021-05-02 20:20:14+02:00,4.9,4.9,31.67,49.03,64.97
2021-05-02 20:25:15+02:00,5.2,5.2,39.6,78.14,117.21
2021-05-02 20:30:20+02:00,5.2,5.2,48.61,87.54,125.96
2021-05-02 20:35:14+02:00,5.2,5.2,28.48,54.11,79.84
2021-05-02 20:40:14+02:00,5.1,5.1,36.18,48.64,58.46
2021-05-02 20:45:14+02:00,5.1,5.1,30.9,53.0,74.43
2021-05-02 20:50:15+02:00,5.2,5.2,30.33,51.54,72.02
2021-05-02 20:55:20+02:00,5.2,5.2,50.94,95.0,138.99
2021-05-02 21:00:14+02:00,5.2,5.2,34.5,68.8,103.65
2021-05-02 21:05:14+02:00,5.2,5.2,28.03,44.59,60.05
2021-05-02 21:10:15+02:00,5.1,5.1,23.97,44.48,64.92
2021-05-02 21:15:15+02:00,4.9,4.9,35.49,66.32,97.1
2021-05-02 21:20:15+02:00,5.0,5.0,36.76,73.23,110.29
2021-05-02 21:25:15+02:00,5.0,5.0,41.09,57.79,71.86
2021-05-02 21:30:14+02:00,4.9,4.9,27.28,38.75,48.51
2021-05-02 21:35:14+02:00,4.8,4.8,29.89,42.09,52.38
2021-05-02 21:40:15+02:00,4.9,4.9,39.39,80.19,121.86
2021-05-02 21:45:15+02:00,5.1,5.1,30.09,36.51,40.21
2021-05-02 21:50:17+02:00,5.1,5.1,32.25,47.96,61.96
2021-05-02 21:55:15+02:00,5.1,5.1,30.04,41.92,51.82
2021-05-02 22:00:14+02:00,5.1,5.1,22.05,30.67,37.83
2021-05-02 22:05:14+02:00,5.1,5.1,25.54,36.68,46.29
2021-05-02 22:10:14+02:00,5.1,5.1,21.34,33.19,44.11
2021-05-02 22:15:15+02:00,5.1,5.1,31.98,50.29,67.28
2021-05-02 22:20:15+02:00,5.0,5.0,23.89,39.76,54.94
2021-05-02 22:25:14+02:00,4.9,4.9,25.89,39.34,51.54
2021-05-02 22:30:14+02:00,4.7,4.7,28.96,42.7,54.85
2021-05-02 22:35:14+02:00,4.7,4.7,24.68,32.92,39.32
2021-05-02 22:40:15+02:00,4.6,4.6,35.84,64.34,92.45
2021-05-02 22:45:14+02:00,4.6,4.6,23.68,39.78,55.24
2021-05-02 22:50:14+02:00,4.5,4.5,21.6,27.22,31.03
2021-05-02 22:55:16+02:00,4.3,4.3,27.62,38.99,48.61
2021-05-02 23:00:14+02:00,4.3,4.3,31.11,56.72,82.09
2021-05-02 23:05:14+02:00,4.3,4.3,34.71,51.49,66.42
2021-05-02 23:10:15+02:00,4.5,4.5,24.54,41.47,57.77
2021-05-02 23:15:15+02:00,4.5,4.5,29.04,46.43,62.71
2021-05-02 23:20:14+02:00,4.6,4.6,23.64,38.51,52.58
2021-05-02 23:25:14+02:00,4.6,4.6,18.59,24.22,28.39
2021-05-02 23:30:14+02:00,4.7,4.7,17.72,25.87,33.01
2021-05-02 23:35:15+02:00,4.7,4.7,20.56,27.13,32.13
2021-05-02 23:40:15+02:00,4.7,4.7,17.79,23.89,28.69
2021-05-02 23:45:19+02:00,4.8,4.8,28.34,35.54,40.32
2021-05-02 23:50:14+02:00,4.8,4.8,20.63,27.47,32.78
2021-05-02 23:55:14+02:00,4.7,4.7,23.6,41.46,58.94
2021-05-03 00:00:15+02:00,4.8,4.8,19.15,28.41,36.65
2021-05-03 00:05:14+02:00,4.7,4.7,19.77,33.27,46.26
2021-05-03 00:10:14+02:00,4.6,4.6,28.19,52.8,77.39
2021-05-03 00:15:14+02:00,4.6,4.6,19.49,26.23,31.56
2021-05-03 00:20:15+02:00,4.5,4.5,24.28,37.41,49.44
2021-05-03 00:25:15+02:00,4.4,4.4,21.26,28.99,35.22
2021-05-03 00:30:17+02:00,4.4,4.4,21.22,31.44,40.52
2021-05-03 00:35:15+02:00,4.4,4.4,19.35,30.29,40.41
2021-05-03 00:40:14+02:00,4.4,4.4,24.53,33.81,41.42
2021-05-03 00:45:14+02:00,4.4,4.4,23.89,43.48,62.9
2021-05-03 00:50:15+02:00,4.5,4.5,22.83,36.91,50.18
2021-05-03 00:55:14+02:00,4.5,4.5,18.85,27.05,34.12
2021-05-03 01:00:17+02:00,4.6,4.6,17.68,28.6,38.89
2021-05-03 01:05:15+02:00,4.6,4.6,22.13,35.84,48.77
2021-05-03 01:10:14+02:00,4.5,4.5,26.83,42.77,57.67
2021-05-03 01:15:14+02:00,4.6,4.6,22.49,43.02,63.68
2021-05-03 01:20:14+02:00,4.6,4.6,20.03,28.61,35.98
2021-05-03 01:25:15+02:00,4.6,4.6,27.47,46.4,64.62
2021-05-03 01:30:14+02:00,4.6,4.6,18.03,22.63,25.7
2021-05-03 01:35:14+02:00,4.7,4.7,21.46,26.91,30.52
2021-05-03 01:40:14+02:00,4.7,4.7,20.08,29.88,38.62
2021-05-03 01:45:15+02:00,4.7,4.7,21.03,30.47,38.69
2021-05-03 01:50:14+02:00,4.7,4.7,22.17,39.85,57.3
2021-05-03 01:55:14+02:00,4.7,4.7,12.66,15.2,16.58
2021-05-03 02:00:14+02:00,4.7,4.7,17.93,28.07,37.45
2021-05-03 02:05:15+02:00,4.7,4.7,14.77,17.15,18.09
2021-05-03 02:10:14+02:00,4.5,4.5,27.61,45.44,62.4
2021-05-03 02:15:15+02:00,4.5,4.5,24.33,41.02,57.08
2021-05-03 02:20:15+02:00,4.5,4.5,29.92,37.95,43.5
2021-05-03 02:25:14+02:00,4.6,4.6,27.93,37.39,44.81
2021-05-03 02:30:14+02:00,4.6,4.6,16.43,21.5,25.3
2021-05-03 02:35:15+02:00,4.5,4.5,19.53,26.5,32.09
2021-05-03 02:40:16+02:00,4.5,4.5,30.89,43.78,54.74
2021-05-03 02:45:14+02:00,4.6,4.6,24.88,33.38,40.08
2021-05-03 02:50:14+02:00,4.5,4.5,18.13,30.83,43.1
2021-05-03 02:55:14+02:00,4.3,4.3,25.28,34.1,41.11
2021-05-03 03:00:15+02:00,4.2,4.2,25.73,46.2,66.38
2021-05-03 03:05:14+02:00,4.0,4.0,21.89,40.23,58.46
2021-05-03 03:10:14+02:00,3.8,3.8,24.97,34.27,41.84
2021-05-03 03:15:14+02:00,3.7,3.7,19.68,29.53,38.37
2021-05-03 03:20:15+02:00,3.5,3.5,18.12,31.93,45.47
2021-05-03 03:25:15+02:00,3.4,3.4,25.84,46.96,67.88
2021-05-03 03:30:14+02:00,3.3,3.3,29.26,52.8,76.06
2021-05-03 03:35:14+02:00,3.3,3.3,21.36,32.04,41.62
2021-05-03 03:40:14+02:00,3.3,3.3,19.71,28.86,36.9
2021-05-03 03:45:15+02:00,3.4,3.4,22.39,33.97,44.46
2021-05-03 03:50:22+02:00,3.4,3.4,21.36,32.66,42.96
2021-05-03 03:55:14+02:00,3.4,3.4,18.31,26.32,33.23
2021-05-03 04:00:15+02:00,3.3,3.3,29.73,37.97,43.78
2021-05-03 04:05:15+02:00,3.2,3.2,25.33,35.71,44.47
2021-05-03 04:10:14+02:00,3.1,3.1,23.96,33.38,41.23
2021-05-03 04:15:14+02:00,3.2,3.2,23.67,32.49,39.68
2021-05-03 04:20:14+02:00,3.2,3.2,25.62,37.3,47.51
2021-05-03 04:25:15+02:00,3.1,3.1,25.68,39.3,51.71
2021-05-03 04:30:15+02:00,3.2,3.2,26.35,37.25,46.5
2021-05-03 04:35:15+02:00,3.3,3.3,23.9,38.39,52.01
2021-05-03 04:40:15+02:00,3.3,3.3,25.07,42.31,58.91
2021-05-03 04:45:15+02:00,3.2,3.2,25.8,36.65,45.89
2021-05-03 04:50:14+02:00,3.0,3.0,18.56,31.2,43.34
2021-05-03 04:55:14+02:00,2.9,2.9,30.35,61.51,93.31
2021-05-03 05:00:15+02:00,2.8,2.8,20.29,29.54,37.63
2021-05-03 05:05:15+02:00,2.7,2.7,23.86,33.29,41.15
2021-05-03 05:10:15+02:00,2.6,2.6,19.76,27.62,34.18
2021-05-03 05:15:14+02:00,2.5,2.5,25.31,35.5,44.05
2021-05-03 05:20:14+02:00,2.5,2.5,23.44,39.42,54.79
2021-05-03 05:25:14+02:00,2.5,2.5,26.24,37.34,46.81
2021-05-03 05:30:15+02:00,2.5,2.5,25.45,43.11,60.13
2021-05-03 05:35:15+02:00,2.5,2.5,26.73,44.2,60.86
2021-05-03 05:40:15+02:00,2.4,2.4,24.83,46.22,67.57
2021-05-03 05:45:15+02:00,2.3,2.3,23.35,34.98,45.41
2021-05-03 05:50:14+02:00,2.4,2.4,36.52,57.35,76.65
2021-05-03 05:55:14+02:00,2.3,2.3,27.39,42.35,56.07
2021-05-03 06:00:15+02:00,2.3,2.3,27.74,46.08,63.6
2021-05-03 06:05:17+02:00,2.3,2.3,27.06,44.44,60.96
2021-05-03 06:10:15+02:00,2.3,2.3,36.33,57.9,78.06
2021-05-03 06:15:15+02:00,2.3,2.3,22.81,34.9,45.9
2021-05-03 06:20:15+02:00,2.2,2.2,26.5,46.74,66.58
2021-05-03 06:25:17+02:00,2.2,2.2,22.86,33.9,43.72
2021-05-03 06:30:15+02:00,2.2,2.2,33.2,57.31,80.74
2021-05-03 06:35:14+02:00,2.3,2.3,18.64,30.84,42.47
2021-05-03 06:40:14+02:00,2.4,2.4,26.97,35.51,42.0
2021-05-03 06:45:14+02:00,2.5,2.5,26.73,38.12,47.87
2021-05-03 06:50:15+02:00,2.6,2.6,27.63,43.93,59.14
2021-05-03 06:55:14+02:00,2.7,2.7,30.11,48.3,65.37
2021-05-03 07:00:14+02:00,2.8,2.8,19.98,33.25,45.95
2021-05-03 07:05:14+02:00,2.9,2.9,29.01,36.0,40.48
2021-05-03 07:10:15+02:00,3.0,3.0,21.73,34.77,47.01
2021-05-03 07:15:22+02:00,3.2,3.2,28.03,38.73,47.54
2021-05-03 07:20:14+02:00,3.2,3.2,30.61,42.48,52.31
2021-05-03 07:25:16+02:00,3.3,3.3,31.34,48.94,65.2
2021-05-03 07:30:15+02:00,3.5,3.5,28.93,45.91,61.74
2021-05-03 07:35:14+02:00,3.7,3.7,27.6,37.74,45.97
2021-05-03 07:40:14+02:00,3.8,3.8,26.24,42.82,58.53
2021-05-03 07:45:15+02:00,3.9,3.9,24.35,38.2,51.03
2021-05-03 07:50:15+02:00,4.0,4.0,27.52,48.02,68.02
2021-05-03 07:55:14+02:00,4.2,4.2,26.35,37.85,47.78
2021-05-03 08:00:14+02:00,4.4,4.4,25.78,39.43,51.87
2021-05-03 08:05:16+02:00,4.6,4.6,22.72,39.27,55.36
2021-05-03 08:10:14+02:00,4.6,4.6,20.01,35.59,50.9
2021-05-03 08:15:14+02:00,4.7,4.7,19.99,33.65,46.78
2021-05-03 08:20:15+02:00,4.8,4.8,17.42,23.19,27.66
2021-05-03 08:25:14+02:00,5.0,5.0,18.77,22.04,23.52
2021-05-03 08:30:15+02:00,5.1,5.1,21.38,26.8,30.39
2021-05-03 08:35:15+02:00,5.2,5.2,24.46,27.04,27.04
2021-05-03 08:40:14+02:00,5.2,5.2,26.81,33.47,37.82
2021-05-03 08:45:15+02:00,5.2,5.2,17.22,20.4,21.95
2021-05-03 08:50:14+02:00,5.3,5.3,18.55,22.65,25.08
2021-05-03 08:55:15+02:00,5.4,5.4,16.22,20.5,23.44
2021-05-03 09:00:14+02:00,5.4,5.4,17.76,25.74,32.68
2021-05-03 09:05:14+02:00,5.5,5.5,18.65,22.15,23.9
2021-05-03 09:10:14+02:00,5.7,5.7,13.31,16.91,19.41
2021-05-03 09:15:15+02:00,5.9,5.9,17.12,26.77,35.69
2021-05-03 09:20:17+02:00,5.9,5.9,25.63,30.91,33.84
2021-05-03 09:25:15+02:00,5.9,5.9,12.07,14.17,15.11
2021-05-03 09:30:14+02:00,5.9,5.9,24.18,36.15,46.86
2021-05-03 09:35:15+02:00,6.2,6.2,17.76,25.42,31.99
2021-05-03 09:40:15+02:00,6.3,6.3,14.87,17.5,18.71
2021-05-03 09:45:14+02:00,6.0,6.0,19.35,26.79,32.94
2021-05-03 09:50:14+02:00,6.0,6.0,13.48,17.76,21.02
2021-05-03 09:55:15+02:00,5.8,5.8,17.76,24.85,30.77
2021-05-03 10:00:15+02:00,6.1,6.1,14.59,16.92,17.83
2021-05-03 10:05:14+02:00,6.1,6.1,17.25,21.93,25.19
2021-05-03 10:10:14+02:00,6.5,6.5,18.23,29.77,40.72
2021-05-03 10:15:16+02:00,6.6,6.6,16.5,20.07,22.16
2021-05-03 10:20:14+02:00,6.6,6.6,13.71,19.48,24.4
2021-05-03 10:25:14+02:00,7.2,7.2,12.57,15.84,18.05
2021-05-03 10:30:15+02:00,7.8,7.8,14.75,17.46,18.77
2021-05-03 10:35:15+02:00,7.3,7.3,12.32,13.62,13.62
2021-05-03 10:40:14+02:00,7.0,7.0,10.41,11.5,11.5
2021-05-03 10:45:14+02:00,7.6,7.6,16.32,22.97,28.58
2021-05-03 10:50:14+02:00,7.5,7.5,12.2,13.49,13.49
2021-05-03 10:55:17+02:00,8.8,8.8,16.49,18.49,18.8
2021-05-03 11:00:14+02:00,8.8,8.8,8.77,9.69,9.69
2021-05-03 11:05:17+02:00,9.5,9.5,9.17,12.35,14.86
2021-05-03 11:10:14+02:00,9.5,9.5,14.21,15.71,15.71
2021-05-03 11:15:14+02:00,9.6,9.6,12.7,19.53,25.78
2021-05-03 11:20:15+02:00,9.5,9.5,10.18,11.26,11.26
2021-05-03 11:25:14+02:00,9.7,9.7,10.86,12.01,12.01
2021-05-03 11:30:14+02:00,9.4,9.4,6.16,7.09,7.42
2021-05-03 11:35:14+02:00,10.0,10.0,6.87,7.59,7.59
2021-05-03 11:40:15+02:00,10.6,10.6,9.16,12.87,15.99
2021-05-03 11:45:14+02:00,10.6,10.6,10.77,11.9,11.9
2021-05-03 11:50:14+02:00,10.5,10.5,13.27,18.45,22.75
2021-05-03 11:55:14+02:00,10.5,10.5,9.97,12.34,13.83
2021-05-03 12:00:17+02:00,9.6,9.6,5.09,5.62,5.62
2021-05-03 12:05:14+02:00,9.6,9.6,7.2,8.8,9.76
2021-05-03 12:10:15+02:00,9.7,9.7,8.54,9.44,9.44
2021-05-03 12:15:15+02:00,9.4,9.4,4.23,4.67,4.67
2021-05-03 12:20:14+02:00,9.7,9.7,9.2,13.08,16.4
2021-05-03 12:25:14+02:00,9.4,9.4,7.7,10.25,12.24
2021-05-03 12:30:14+02:00,10.1,10.1,6.94,7.67,7.67
2021-05-03 12:35:15+02:00,9.8,9.8,6.8,7.52,7.52
2021-05-03 12:40:14+02:00,9.9,9.9,6.83,7.55,7.55
2021-05-03 12:45:14+02:00,10.5,10.5,8.27,10.09,11.17
2021-05-03 12:50:14+02:00,10.3,10.3,6.2,6.85,6.85
2021-05-03 12:55:15+02:00,9.6,9.6,6.04,10.31,14.44
2021-05-03 13:00:17+02:00,9.8,9.8,9.67,11.92,13.32
2021-05-03 13:05:15+02:00,9.7,9.7,4.97,6.56,7.78
2021-05-03 13:10:15+02:00,10.2,10.2,5.08,7.39,9.41
2021-05-03 13:15:17+02:00,10.6,10.6,5.54,8.0,10.13
2021-05-03 13:20:15+02:00,10.6,10.6,2.25,2.49,2.49
2021-05-03 13:25:15+02:00,10.4,10.4,6.21,11.69,17.17
2021-05-03 13:30:14+02:00,9.7,9.7,4.93,9.01,13.05
2021-05-03 13:35:14+02:00,10.0,10.0,4.37,4.83,4.83
2021-05-03 13:40:15+02:00,10.2,10.2,7.47,8.7,9.22
2021-05-03 13:45:15+02:00,9.8,9.8,6.18,10.96,15.64
2021-05-03 13:50:14+02:00,10.2,10.2,6.32,9.04,11.38
2021-05-03 13:55:14+02:00,10.1,10.1,3.9,4.31,4.31
2021-05-03 14:00:15+02:00,9.7,9.7,5.79,6.4,6.4
2021-05-03 14:05:15+02:00,9.6,9.6,6.9,9.59,11.83
2021-05-03 14:10:14+02:00,9.5,9.5,5.24,5.79,5.79
2021-05-03 14:15:14+02:00,10.1,10.1,3.56,3.93,3.93
2021-05-03 14:20:14+02:00,10.8,10.8,6.23,6.88,6.88
2021-05-03 14:25:15+02:00,10.7,10.7,7.04,11.6,15.93
2021-05-03 14:30:15+02:00,10.7,10.7,3.03,3.63,3.95
2021-05-03 14:35:15+02:00,10.5,10.5,5.19,5.74,5.74
2021-05-03 14:40:14+02:00,10.7,10.7,7.08,9.08,10.51
2021-05-03 14:45:14+02:00,10.5,10.5,5.4,7.1,8.39
2021-05-03 14:50:15+02:00,11.4,11.4,2.71,3.91,4.95
2021-05-03 14:55:15+02:00,10.8,10.8,6.84,7.56,7.56
2021-05-03 15:00:17+02:00,11.3,11.3,2.93,3.77,4.37
2021-05-03 15:05:15+02:00,11.3,11.3,3.96,6.25,8.39
2021-05-03 15:10:14+02:00,12.1,12.1,5.63,8.23,10.51
2021-05-03 15:15:14+02:00,11.9,11.9,5.68,6.28,6.28
2021-05-03 15:20:14+02:00,12.1,12.1,10.07,13.08,15.3
2021-05-03 15:25:15+02:00,12.4,12.4,5.16,5.7,5.7
2021-05-03 15:30:15+02:00,10.9,10.9,2.72,4.26,5.68
2021-05-03 15:35:15+02:00,12.1,12.1,5.7,6.3,6.3
2021-05-03 15:40:19+02:00,12.5,12.5,8.14,10.38,11.96
2021-05-03 15:45:17+02:00,12.5,12.5,5.62,8.28,10.64
2021-05-03 15:50:14+02:00,12.5,12.5,4.65,5.14,5.14
2021-05-03 15:55:14+02:00,11.7,11.7,7.95,8.79,8.79
2021-05-03 16:00:14+02:00,11.2,11.2,4.27,5.52,6.43
2021-05-03 16:05:15+02:00,11.4,11.4,5.26,5.82,5.82
2021-05-03 16:10:20+02:00,13.6,13.6,4.56,5.04,5.04
2021-05-03 16:15:14+02:00,13.6,13.6,3.28,5.09,6.76
2021-05-03 16:20:14+02:00,14.2,14.2,2.4,2.65,2.65
2021-05-03 16:25:14+02:00,13.5,13.5,4.34,6.1,7.59
2021-05-03 16:30:15+02:00,13.1,13.1,4.83,6.24,7.27
2021-05-03 16:35:15+02:00,14.5,14.5,5.7,6.3,6.3
2021-05-03 16:40:14+02:00,14.6,14.6,4.61,5.1,5.1
2021-05-03 16:45:14+02:00,14.7,14.7,4.37,6.28,7.92
2021-05-03 16:50:14+02:00,18.7,18.7,3.81,5.65,7.28
2021-05-03 16:55:15+02:00,24.5,24.5,4.82,6.12,7.02
2021-05-03 17:00:17+02:00,26.7,26.7,2.96,3.27,3.27
2021-05-03 17:05:14+02:00,26.6,26.6,5.62,8.26,10.58
2021-05-03 17:10:17+02:00,21.7,21.7,2.3,2.54,2.54
2021-05-03 17:15:14+02:00,21.7,21.7,7.15,9.93,12.23
2021-05-03 17:20:14+02:00,27.2,27.2,5.06,5.6,5.6
2021-05-03 17:25:15+02:00,28.9,28.9,6.61,8.57,10.01
2021-05-03 17:30:17+02:00,17.7,17.7,4.7,5.2,5.2
2021-05-03 17:35:15+02:00,17.7,17.7,3.5,3.87,3.87
2021-05-03 17:40:15+02:00,17.1,17.1,4.59,5.08,5.08
2021-05-03 17:45:14+02:00,18.3,18.3,7.89,8.72,8.72
2021-05-03 17:50:14+02:00,20.7,20.7,3.81,5.43,6.83
2021-05-03 17:55:16+02:00,19.2,19.2,4.7,5.19,5.19
2021-05-03 18:00:14+02:00,19.1,19.1,4.24,5.35,6.1
2021-05-03 18:05:14+02:00,22.9,22.9,4.86,6.5,7.78
2021-05-03 18:10:15+02:00,27.8,27.8,5.3,5.86,5.86
2021-05-03 18:15:15+02:00,31.1,31.1,4.18,5.23,5.91
2021-05-03 18:20:14+02:00,30.7,30.7,4.34,5.97,7.31
2021-05-03 18:25:14+02:00,29.5,29.5,2.04,2.25,2.25
2021-05-03 18:30:14+02:00,32.2,32.2,7.33,8.1,8.1
2021-05-03 18:35:15+02:00,31.4,31.4,5.92,7.42,8.41
2021-05-03 18:40:15+02:00,30.3,30.3,5.43,6.0,6.0
2021-05-03 18:45:15+02:00,30.6,30.6,2.16,2.39,2.39
2021-05-03 18:50:14+02:00,28.9,28.9,6.23,6.89,6.89
2021-05-03 18:55:14+02:00,26.8,26.8,4.28,5.72,6.85
2021-05-03 19:00:15+02:00,30.9,30.9,8.47,9.36,9.36
2021-05-03 19:05:15+02:00,27.8,27.8,5.83,6.44,6.44
2021-05-03 19:10:16+02:00,28.8,28.8,6.9,7.63,7.63
2021-05-03 19:15:14+02:00,26.6,26.6,7.6,14.85,22.18
2021-05-03 19:20:15+02:00,24.9,24.9,1.87,2.28,2.53
2021-05-03 19:25:15+02:00,25.0,25.0,7.54,12.04,16.26
2021-05-03 19:30:14+02:00,24.7,24.7,3.69,5.11,6.28
2021-05-03 19:35:17+02:00,22.1,22.1,3.91,6.42,8.81
2021-05-03 19:40:17+02:00,23.8,23.8,3.23,5.37,7.42
2021-05-03 19:45:15+02:00,23.9,23.9,4.05,4.48,4.48
2021-05-03 19:50:15+02:00,23.5,23.5,5.4,7.72,9.71
2021-05-03 19:55:14+02:00,23.5,23.5,4.57,5.05,5.05
2021-05-03 20:00:19+02:00,21.8,21.8,6.15,6.79,6.79
2021-05-03 20:05:17+02:00,20.2,20.2,2.92,3.23,3.23
2021-05-03 20:10:14+02:00,20.2,20.2,2.92,3.22,3.22
2021-05-03 20:15:14+02:00,20.0,20.0,3.45,3.82,3.82
2021-05-03 20:20:17+02:00,16.7,16.7,4.56,7.48,10.24
2021-05-03 20:25:14+02:00,16.7,16.7,3.46,3.82,3.82
2021-05-03 20:30:14+02:00,15.0,15.0,3.51,3.88,3.88
2021-05-03 20:35:14+02:00,13.7,13.7,4.39,6.89,9.2
2021-05-03 20:40:15+02:00,12.7,12.7,5.11,5.65,5.65
2021-05-03 20:45:15+02:00,12.1,12.1,2.37,2.62,2.62
2021-05-03 20:50:14+02:00,11.5,11.5,2.92,3.23,3.23
2021-05-03 20:55:14+02:00,10.9,10.9,2.93,3.24,3.24
2021-05-03 21:00:16+02:00,10.0,10.0,3.19,5.68,8.12
2021-05-03 21:05:14+02:00,10.0,10.0,1.39,1.92,2.35
2021-05-03 21:10:14+02:00,9.6,9.6,4.59,5.07,5.07
2021-05-03 21:15:15+02:00,9.3,9.3,3.95,6.09,8.05
2021-05-03 21:20:17+02:00,8.8,8.8,3.0,3.32,3.32
2021-05-03 21:25:14+02:00,8.8,8.8,1.92,2.35,2.6
2021-05-03 21:30:15+02:00,8.7,8.7,3.7,4.08,4.08
2021-05-03 21:35:15+02:00,8.4,8.4,4.07,4.5,4.5
2021-05-03 21:40:15+02:00,8.2,8.2,3.08,3.4,3.4
2021-05-03 21:45:14+02:00,8.0,8.0,2.45,2.99,3.31
2021-05-03 21:50:17+02:00,7.8,7.8,4.59,7.48,10.22
2021-05-03 21:55:14+02:00,7.8,7.8,3.9,5.55,6.95
2021-05-03 22:00:14+02:00,7.8,7.8,4.27,4.72,4.72
2021-05-03 22:05:14+02:00,7.6,7.6,4.49,5.86,6.89
2021-05-03 22:10:14+02:00,7.5,7.5,6.0,7.42,8.32
2021-05-03 22:15:15+02:00,7.7,7.7,5.07,5.61,5.61
2021-05-03 22:20:15+02:00,7.7,7.7,4.28,5.48,6.33
2021-05-03 22:25:17+02:00,7.5,7.5,5.89,7.06,7.68
2021-05-03 22:30:17+02:00,7.4,7.4,5.71,6.31,6.31
2021-05-03 22:35:14+02:00,7.5,7.5,3.15,3.49,3.49
2021-05-03 22:40:15+02:00,7.4,7.4,4.38,6.11,7.54
2021-05-03 22:45:14+02:00,7.6,7.6,4.77,5.28,5.28
2021-05-03 22:50:14+02:00,7.4,7.4,8.26,10.29,11.61
2021-05-03 22:55:14+02:00,7.3,7.3,3.7,5.26,6.59
2021-05-03 23:00:15+02:00,7.3,7.3,5.93,8.74,11.23
2021-05-03 23:05:15+02:00,7.2,7.2,6.65,14.16,21.9
2021-05-03 23:10:14+02:00,7.2,7.2,5.85,6.78,7.14
2021-05-03 23:15:14+02:00,7.2,7.2,7.52,8.55,8.82
2021-05-03 23:20:14+02:00,7.0,7.0,4.45,6.64,8.61
2021-05-03 23:25:15+02:00,7.2,7.2,4.23,4.68,4.68
2021-05-03 23:30:15+02:00,7.1,7.1,4.25,4.7,4.7
2021-05-03 23:35:14+02:00,7.1,7.1,5.21,5.76,5.76
2021-05-03 23:40:14+02:00,7.1,7.1,7.22,9.51,11.24
2021-05-03 23:45:15+02:00,7.1,7.1,8.38,11.27,13.55
2021-05-03 23:50:15+02:00,6.8,6.8,4.11,4.54,4.54
2021-05-03 23:55:15+02:00,7.0,7.0,4.2,4.64,4.64
2021-05-04 00:00:14+02:00,6.9,6.9,5.39,9.2,12.87
2021-05-04 00:05:14+02:00,6.8,6.8,4.52,6.84,8.93
2021-05-04 00:10:15+02:00,6.7,6.7,10.26,17.26,23.98
2021-05-04 00:15:15+02:00,6.8,6.8,4.3,5.67,6.71
2021-05-04 00:20:14+02:00,6.6,6.6,9.05,10.01,10.01
2021-05-04 00:25:14+02:00,6.5,6.5,5.59,7.68,9.38
2021-05-04 00:30:14+02:00,6.6,6.6,4.6,5.08,5.08
2021-05-04 00:35:15+02:00,6.8,6.8,4.64,6.51,8.08
2021-05-04 00:40:17+02:00,6.7,6.7,6.88,7.6,7.6
2021-05-04 00:45:15+02:00,6.7,6.7,6.3,6.97,6.97
2021-05-04 00:50:17+02:00,6.3,6.3,3.61,3.99,3.99
2021-05-04 00:55:14+02:00,6.3,6.3,4.13,4.57,4.57
2021-05-04 01:00:17+02:00,6.4,6.4,4.21,7.55,10.84
2021-05-04 01:05:15+02:00,6.6,6.6,5.74,6.34,6.34
2021-05-04 01:10:14+02:00,6.4,6.4,2.9,3.21,3.21
2021-05-04 01:15:14+02:00,6.5,6.5,5.0,6.13,6.82
2021-05-04 01:20:14+02:00,6.3,6.3,5.44,6.92,7.96
2021-05-04 01:25:17+02:00,6.7,6.7,4.74,5.24,5.24
2021-05-04 01:30:14+02:00,6.7,6.7,2.5,2.76,2.76
2021-05-04 01:35:14+02:00,6.8,6.8,4.11,4.55,4.55
2021-05-04 01:40:20+02:00,6.6,6.6,3.74,4.68,5.3
2021-05-04 01:45:15+02:00,6.7,6.7,4.48,6.7,8.68
2021-05-04 01:50:14+02:00,6.5,6.5,3.59,5.09,6.36
2021-05-04 01:55:14+02:00,6.4,6.4,5.71,6.32,6.32
2021-05-04 02:00:15+02:00,6.2,6.2,3.76,5.42,6.86
2021-05-04 02:05:15+02:00,6.3,6.3,5.57,7.42,8.85
2021-05-04 02:10:17+02:00,6.6,6.6,5.76,6.36,6.36
2021-05-04 02:15:15+02:00,6.6,6.6,5.31,6.59,7.41
2021-05-04 02:20:15+02:00,6.8,6.8,5.7,6.31,6.31
2021-05-04 02:25:19+02:00,6.7,6.7,4.18,4.62,4.62
2021-05-04 02:30:14+02:00,6.8,6.8,8.39,11.02,13.0
2021-05-04 02:35:15+02:00,6.7,6.7,5.56,7.99,10.09
2021-05-04 02:40:15+02:00,7.0,7.0,3.68,4.47,4.93
2021-05-04 02:45:14+02:00,7.2,7.2,5.74,6.34,6.34
2021-05-04 02:50:14+02:00,7.4,7.4,3.66,4.04,4.04
2021-05-04 02:55:16+02:00,7.3,7.3,4.39,5.49,6.22
2021-05-04 03:00:14+02:00,7.3,7.3,4.01,4.44,4.44
2021-05-04 03:05:14+02:00,7.2,7.2,3.51,3.88,3.88
2021-05-04 03:10:15+02:00,7.5,7.5,8.31,10.87,12.79
2021-05-04 03:15:14+02:00,7.5,7.5,3.85,5.71,7.36
2021-05-04 03:20:14+02:00,7.5,7.5,5.14,5.68,5.68
2021-05-04 03:25:17+02:00,7.7,7.7,5.77,8.7,11.35
2021-05-04 03:30:15+02:00,7.8,7.8,7.61,9.43,10.59
2021-05-04 03:35:15+02:00,7.9,7.9,4.24,5.8,7.05
2021-05-04 03:40:14+02:00,7.9,7.9,5.14,8.26,11.19
2021-05-04 03:45:14+02:00,8.0,8.0,2.74,4.83,6.87
2021-05-04 03:50:15+02:00,7.9,7.9,4.04,4.47,4.47
2021-05-04 03:55:15+02:00,8.0,8.0,1.55,2.05,2.43
2021-05-04 04:00:19+02:00,7.9,7.9,5.18,5.73,5.73
2021-05-04 04:05:14+02:00,7.9,7.9,3.77,5.49,7.0
2021-05-04 04:10:15+02:00,7.7,7.7,7.34,10.74,13.73
2021-05-04 04:15:15+02:00,7.9,7.9,3.98,4.4,4.4
2021-05-04 04:20:15+02:00,7.7,7.7,4.44,6.8,8.95
2021-05-04 04:25:14+02:00,7.5,7.5,6.84,7.56,7.56
2021-05-04 04:30:15+02:00,7.0,7.0,6.44,13.04,19.78
2021-05-04 04:35:17+02:00,7.1,7.1,4.71,5.9,6.7
2021-05-04 04:40:15+02:00,7.0,7.0,4.04,4.47,4.47
2021-05-04 04:45:17+02:00,6.4,6.4,2.89,3.2,3.2
2021-05-04 04:50:15+02:00,6.4,6.4,2.37,2.62,2.62
2021-05-04 04:55:14+02:00,6.2,6.2,6.2,6.86,6.86
2021-05-04 05:00:14+02:00,6.0,6.0,5.07,7.65,9.98
2021-05-04 05:05:14+02:00,5.8,5.8,4.81,8.87,12.91
2021-05-04 05:10:15+02:00,5.6,5.6,6.21,6.87,6.87
2021-05-04 05:15:15+02:00,5.5,5.5,7.58,9.31,10.36
2021-05-04 05:20:14+02:00,5.4,5.4,2.55,3.54,4.37
2021-05-04 05:25:14+02:00,5.5,5.5,4.27,8.28,12.33
2021-05-04 05:30:14+02:00,5.7,5.7,4.8,9.0,13.19
2021-05-04 05:35:15+02:00,5.7,5.7,3.6,3.97,3.97
2021-05-04 05:40:14+02:00,5.9,5.9,2.42,2.68,2.68
2021-05-04 05:45:14+02:00,5.7,5.7,5.36,6.88,7.97
2021-05-04 05:50:15+02:00,5.5,5.5,5.41,7.31,8.82
2021-05-04 05:55:15+02:00,5.5,5.5,2.49,3.32,3.97
2021-05-04 06:00:15+02:00,5.5,5.5,4.53,7.17,9.64
2021-05-04 06:05:19+02:00,5.6,5.6,3.88,4.29,4.29
2021-05-04 06:10:14+02:00,5.6,5.6,2.56,3.72,4.72
2021-05-04 06:15:16+02:00,5.6,5.6,2.8,3.1,3.1
2021-05-04 06:20:14+02:00,5.6,5.6,4.05,4.48,4.48
2021-05-04 06:25:14+02:00,5.6,5.6,3.82,6.05,8.12
2021-05-04 06:30:15+02:00,5.9,5.9,3.4,3.76,3.76
2021-05-04 06:35:15+02:00,6.0,6.0,3.46,3.83,3.83
2021-05-04 06:40:14+02:00,6.1,6.1,5.17,5.71,5.71
2021-05-04 06:45:14+02:00,6.3,6.3,5.66,6.25,6.25
2021-05-04 06:50:14+02:00,6.4,6.4,1.8,1.99,1.99
2021-05-04 06:55:17+02:00,6.7,6.7,2.06,3.46,4.8
2021-05-04 07:00:14+02:00,6.7,6.7,3.45,6.01,8.5
2021-05-04 07:05:15+02:00,6.9,6.9,3.98,4.4,4.4
2021-05-04 07:10:17+02:00,7.2,7.2,2.35,2.6,2.6
2021-05-04 07:15:17+02:00,7.2,7.2,3.97,4.39,4.39
2021-05-04 07:20:14+02:00,7.3,7.3,1.82,2.01,2.01
2021-05-04 07:25:16+02:00,7.4,7.4,1.73,1.91,1.91
2021-05-04 07:30:15+02:00,7.6,7.6,2.34,2.59,2.59
2021-05-04 07:35:14+02:00,7.7,7.7,1.95,2.85,3.64
2021-05-04 07:40:19+02:00,8.0,8.0,3.17,4.67,6.01
2021-05-04 07:45:14+02:00,8.0,8.0,3.3,5.57,7.76
2021-05-04 07:50:15+02:00,8.0,8.0,4.47,6.94,9.21
2021-05-04 07:55:15+02:00,8.2,8.2,2.44,2.92,3.16
2021-05-04 08:00:14+02:00,8.5,8.5,2.84,3.14,3.14
2021-05-04 08:05:14+02:00,8.7,8.7,1.8,1.99,1.99
2021-05-04 08:10:15+02:00,8.9,8.9,1.77,1.96,1.96
2021-05-04 08:15:15+02:00,9.1,9.1,2.99,3.3,3.3
2021-05-04 08:20:15+02:00,9.3,9.3,4.27,6.04,7.54
2021-05-04 08:25:14+02:00,9.7,9.7,2.46,3.07,3.47
2021-05-04 08:30:14+02:00,10.0,10.0,1.82,2.01,2.01
2021-05-04 08:35:15+02:00,10.3,10.3,3.39,5.86,8.26
2021-05-04 08:40:15+02:00,10.6,10.6,1.53,2.2,2.77
2021-05-04 08:45:14+02:00,10.5,10.5,3.5,3.87,3.87
2021-05-04 08:50:14+02:00,10.9,10.9,3.35,5.45,7.44
2021-05-04 08:55:15+02:00,11.0,11.0,3.87,5.7,7.31
2021-05-04 09:00:15+02:00,11.9,11.9,3.69,5.48,7.07
2021-05-04 09:05:14+02:00,11.4,11.4,3.42,3.78,3.78
2021-05-04 09:10:14+02:00,11.8,11.8,5.23,8.94,12.54
2021-05-04 09:15:15+02:00,11.3,11.3,2.57,2.84,2.84
2021-05-04 09:20:15+02:00,11.5,11.5,5.04,5.57,5.57
2021-05-04 09:25:20+02:00,12.0,12.0,4.98,7.47,9.7
2021-05-04 09:30:17+02:00,12.1,12.1,2.89,3.19,3.19
2021-05-04 09:35:15+02:00,12.1,12.1,4.55,7.5,10.31
2021-05-04 09:40:14+02:00,12.2,12.2,4.57,5.05,5.05
2021-05-04 09:45:14+02:00,12.2,12.2,3.13,4.41,5.48
2021-05-04 09:50:14+02:00,12.8,12.8,4.41,6.58,8.52
2021-05-04 09:55:15+02:00,12.5,12.5,5.16,8.86,12.45
2021-05-04 10:00:15+02:00,12.8,12.8,3.5,6.36,9.2
2021-05-04 10:05:14+02:00,12.8,12.8,5.63,6.23,6.23
2021-05-04 10:10:14+02:00,12.7,12.7,3.49,3.86,3.86
2021-05-04 10:15:14+02:00,12.6,12.6,4.34,6.59,8.63
2021-05-04 10:20:15+02:00,12.5,12.5,4.53,5.01,5.01
2021-05-04 10:25:15+02:00,12.6,12.6,3.44,3.8,3.8
2021-05-04 10:30:14+02:00,12.3,12.3,3.62,4.0,4.0
2021-05-04 10:35:14+02:00,12.4,12.4,3.73,5.07,6.14
2021-05-04 10:40:15+02:00,12.6,12.6,2.84,3.14,3.14
2021-05-04 10:45:15+02:00,12.9,12.9,5.73,6.33,6.33
2021-05-04 10:50:15+02:00,13.0,13.0,4.55,5.03,5.03
2021-05-04 10:55:14+02:00,13.3,13.3,3.5,3.87,3.87
2021-05-04 11:00:14+02:00,13.7,13.7,3.27,5.18,6.96
2021-05-04 11:05:15+02:00,14.0,14.0,3.14,4.42,5.5
2021-05-04 11:10:15+02:00,14.3,14.3,2.9,3.21,3.21
2021-05-04 11:15:14+02:00,14.6,14.6,2.78,3.08,3.08
2021-05-04 11:20:14+02:00,14.9,14.9,1.98,3.21,4.37
2021-05-04 11:25:14+02:00,15.1,15.1,6.93,8.51,9.48
2021-05-04 11:30:14+02:00,15.2,15.2,5.06,5.6,5.6
2021-05-04 11:35:15+02:00,15.1,15.1,6.74,12.62,18.49
2021-05-04 11:40:14+02:00,15.7,15.7,3.17,4.61,5.87
2021-05-04 11:45:19+02:00,15.2,15.2,6.47,8.71,10.47
2021-05-04 11:50:14+02:00,15.9,15.9,0.84,1.94,3.09
2021-05-04 12:00:14+02:00,15.9,15.9,2.14,3.48,4.76
2021-05-04 12:05:15+02:00,16.3,16.3,3.52,4.54,5.27
2021-05-04 12:10:14+02:00,15.5,15.5,2.25,2.48,2.48
2021-05-04 12:15:14+02:00,16.0,16.0,3.84,8.87,14.14
2021-05-04 12:20:14+02:00,15.7,15.7,4.04,4.47,4.47
2021-05-04 12:25:14+02:00,16.5,16.5,1.16,1.28,1.28
2021-05-04 12:30:15+02:00,15.8,15.8,2.38,2.63,2.63
2021-05-04 12:35:14+02:00,16.2,16.2,3.99,4.42,4.42
2021-05-04 12:40:14+02:00,16.5,16.5,3.54,4.29,4.72
2021-05-04 12:45:14+02:00,17.6,17.6,4.7,6.03,6.98
2021-05-04 12:50:15+02:00,16.4,16.4,2.76,5.01,7.24
2021-05-04 12:55:15+02:00,16.9,16.9,3.86,6.44,8.91
2021-05-04 13:00:14+02:00,17.0,17.0,2.15,3.34,4.43
2021-05-04 13:05:17+02:00,16.7,16.7,3.81,5.4,6.75
2021-05-04 13:10:14+02:00,16.8,16.8,2.95,3.36,3.48
2021-05-04 13:15:14+02:00,17.3,17.3,2.88,3.18,3.18
2021-05-04 13:20:14+02:00,17.3,17.3,2.4,2.65,2.65
2021-05-04 13:25:17+02:00,16.9,16.9,4.3,6.42,8.31
2021-05-04 13:30:14+02:00,16.9,16.9,3.15,4.68,6.04
2021-05-04 13:35:14+02:00,17.0,17.0,1.03,1.95,2.87
2021-05-04 13:40:15+02:00,17.0,17.0,2.07,3.78,5.47
2021-05-04 13:45:14+02:00,17.2,17.2,3.04,4.01,4.74
2021-05-04 13:50:14+02:00,17.3,17.3,2.67,4.0,5.2
2021-05-04 13:55:14+02:00,17.3,17.3,3.63,5.08,6.3
2021-05-04 14:00:14+02:00,17.6,17.6,2.53,3.94,5.23
2021-05-04 14:05:15+02:00,18.2,18.2,2.28,2.52,2.52
2021-05-04 14:10:14+02:00,17.8,17.8,2.55,3.69,4.68
2021-05-04 14:15:17+02:00,18.7,18.7,3.39,3.74,3.74
2021-05-04 14:20:15+02:00,18.7,18.7,2.57,3.91,5.12
2021-05-04 14:25:17+02:00,17.9,17.9,5.28,9.16,12.94
2021-05-04 14:30:15+02:00,17.9,17.9,1.45,2.62,3.77
2021-05-04 14:35:17+02:00,18.1,18.1,1.42,2.37,3.28
2021-05-04 14:40:17+02:00,17.6,17.6,2.48,2.74,2.74
2021-05-04 14:45:14+02:00,17.6,17.6,3.46,4.29,4.82
2021-05-04 14:50:16+02:00,17.6,17.6,4.35,9.24,14.29
2021-05-04 14:55:15+02:00,17.8,17.8,1.31,1.45,1.45
2021-05-04 15:00:15+02:00,17.6,17.6,1.92,2.72,3.41
2021-05-04 15:05:14+02:00,17.6,17.6,3.95,4.37,4.37
2021-05-04 15:10:14+02:00,18.0,18.0,1.89,2.09,2.09
2021-05-04 15:15:15+02:00,18.1,18.1,1.89,2.77,3.54
2021-05-04 15:20:15+02:00,17.9,17.9,2.87,3.18,3.18
2021-05-04 15:25:14+02:00,17.7,17.7,2.61,4.08,5.43
2021-05-04 15:30:14+02:00,17.6,17.6,1.46,3.03,4.63
2021-05-04 15:35:16+02:00,17.4,17.4,2.78,3.07,3.07
2021-05-04 15:40:14+02:00,17.4,17.4,3.98,4.4,4.4
2021-05-04 15:45:14+02:00,17.7,17.7,2.88,3.18,3.18
2021-05-04 15:50:15+02:00,17.3,17.3,1.92,2.74,3.44
2021-05-04 15:55:15+02:00,17.9,17.9,2.05,3.56,5.02
2021-05-04 16:00:14+02:00,17.6,17.6,1.4,2.15,2.85
2021-05-04 16:05:14+02:00,17.5,17.5,1.27,1.72,2.08
2021-05-04 16:10:22+02:00,17.9,17.9,1.74,1.93,1.93
2021-05-04 16:15:15+02:00,17.9,17.9,2.31,2.55,2.55
2021-05-04 16:20:14+02:00,18.7,18.7,1.76,1.95,1.95
2021-05-04 16:25:14+02:00,18.2,18.2,2.35,2.6,2.6
2021-05-04 16:30:14+02:00,18.4,18.4,1.4,2.05,2.63
2021-05-04 16:35:15+02:00,18.4,18.4,1.76,1.95,1.95
2021-05-04 16:40:15+02:00,18.0,18.0,2.83,3.13,3.13
2021-05-04 16:45:14+02:00,18.3,18.3,4.56,7.82,10.99
2021-05-04 16:50:22+02:00,18.3,18.3,1.76,1.94,1.94
2021-05-04 16:55:14+02:00,18.3,18.3,3.42,3.78,3.78
2021-05-04 17:00:14+02:00,18.5,18.5,2.32,2.56,2.56
2021-05-04 17:05:18+02:00,18.7,18.7,1.82,2.01,2.01
2021-05-04 17:10:19+02:00,18.7,18.7,3.45,3.82,3.82
2021-05-04 17:15:14+02:00,19.4,19.4,1.76,1.95,1.95
2021-05-04 17:20:14+02:00,19.7,19.7,2.33,2.58,2.58
2021-05-04 17:25:15+02:00,19.4,19.4,4.55,5.03,5.03
2021-05-04 17:30:15+02:00,18.6,18.6,2.84,3.14,3.14
2021-05-04 17:35:15+02:00,18.2,18.2,1.85,2.04,2.04
2021-05-04 17:40:14+02:00,17.6,17.6,2.28,2.52,2.52
2021-05-04 17:45:14+02:00,18.0,18.0,1.69,1.87,1.87
2021-05-04 17:50:15+02:00,17.5,17.5,1.16,1.29,1.29
2021-05-04 17:55:15+02:00,17.6,17.6,2.94,3.65,4.1
2021-05-04 18:00:14+02:00,17.0,17.0,1.88,2.76,3.54
2021-05-04 18:05:17+02:00,16.5,16.5,2.85,3.15,3.15
2021-05-04 18:10:15+02:00,16.5,16.5,2.87,3.18,3.18
2021-05-04 18:15:14+02:00,16.3,16.3,3.45,6.42,9.39
2021-05-04 18:20:14+02:00,16.0,16.0,1.01,1.87,2.72
2021-05-04 18:25:14+02:00,15.9,15.9,3.67,5.01,6.1
2021-05-04 18:30:15+02:00,15.9,15.9,2.35,2.6,2.6
2021-05-04 18:35:15+02:00,15.8,15.8,2.88,3.18,3.18
2021-05-04 18:40:15+02:00,15.7,15.7,2.13,2.35,2.35
2021-05-04 18:45:17+02:00,15.6,15.6,1.18,1.3,1.3
2021-05-04 18:50:16+02:00,15.5,15.5,1.21,1.34,1.34
2021-05-04 18:55:15+02:00,15.8,15.8,3.99,4.41,4.41
2021-05-04 19:00:15+02:00,15.7,15.7,5.24,6.7,7.73
2021-05-04 19:05:14+02:00,15.5,15.5,2.91,3.21,3.21
2021-05-04 19:10:14+02:00,15.4,15.4,2.54,3.8,4.94
2021-05-04 19:15:15+02:00,15.4,15.4,2.65,4.49,6.27
2021-05-04 19:20:15+02:00,15.2,15.2,3.8,5.86,7.76
2021-05-04 19:25:14+02:00,15.3,15.3,2.94,3.25,3.25
2021-05-04 19:30:17+02:00,15.1,15.1,6.63,7.89,8.53
2021-05-04 19:35:14+02:00,15.1,15.1,3.87,4.96,5.73
2021-05-04 19:40:14+02:00,14.1,14.1,2.36,2.6,2.6
2021-05-04 19:45:14+02:00,13.3,13.3,4.68,5.17,5.17
2021-05-04 19:50:15+02:00,12.8,12.8,4.8,5.31,5.31
2021-05-04 19:55:15+02:00,12.4,12.4,6.71,11.36,15.85
2021-05-04 20:00:14+02:00,12.0,12.0,4.15,4.87,5.19
2021-05-04 20:05:14+02:00,12.0,12.0,6.79,7.5,7.5
2021-05-04 20:10:15+02:00,11.8,11.8,4.42,6.28,7.86
2021-05-04 20:15:15+02:00,11.6,11.6,7.3,10.38,13.02
2021-05-04 20:20:15+02:00,11.6,11.6,3.44,3.8,3.8
2021-05-04 20:25:17+02:00,11.3,11.3,4.72,5.22,5.22
2021-05-04 20:30:15+02:00,11.2,11.2,3.09,3.42,3.42
2021-05-04 20:35:14+02:00,11.1,11.1,5.67,6.27,6.27
2021-05-04 20:40:14+02:00,11.2,11.2,6.75,11.52,16.15
2021-05-04 20:45:14+02:00,11.3,11.3,6.28,6.94,6.94
2021-05-04 20:50:15+02:00,11.4,11.4,6.86,7.58,7.58
2021-05-04 20:55:15+02:00,11.5,11.5,1.84,2.04,2.04
2021-05-04 21:00:15+02:00,11.8,11.8,5.91,6.53,6.53
2021-05-04 21:05:14+02:00,12.0,12.0,3.66,5.65,7.47
2021-05-04 21:10:17+02:00,11.9,11.9,4.68,5.17,5.17
2021-05-04 21:15:17+02:00,12.1,12.1,2.39,2.64,2.64
2021-05-04 21:20:14+02:00,12.1,12.1,2.99,3.31,3.31
2021-05-04 21:25:15+02:00,12.1,12.1,8.23,10.62,12.34
2021-05-04 21:30:15+02:00,12.1,12.1,7.86,8.69,8.69
2021-05-04 21:35:14+02:00,12.2,12.2,4.31,5.67,6.7
2021-05-04 21:40:14+02:00,12.3,12.3,4.66,5.15,5.15
2021-05-04 21:45:14+02:00,12.7,12.7,3.3,5.54,7.69
2021-05-04 21:50:15+02:00,12.9,12.9,3.88,6.04,8.03
2021-05-04 21:55:15+02:00,12.1,12.1,6.26,8.54,10.4
2021-05-04 22:05:15+02:00,10.6,10.6,3.5,3.87,3.87
2021-05-04 22:10:15+02:00,10.9,10.9,1.51,1.67,1.67
2021-05-04 22:15:17+02:00,11.1,11.1,3.46,3.82,3.82
2021-05-04 22:20:15+02:00,11.2,11.2,4.6,5.08,5.08
2021-05-04 22:25:14+02:00,11.8,11.8,2.44,2.93,3.2
2021-05-04 22:30:14+02:00,11.7,11.7,1.91,2.64,3.25
2021-05-04 22:35:14+02:00,11.8,11.8,3.45,3.81,3.81
2021-05-04 22:40:14+02:00,11.8,11.8,6.3,6.96,6.96
2021-05-04 22:45:15+02:00,12.1,12.1,5.69,8.48,10.97
2021-05-04 22:50:14+02:00,11.5,11.5,4.06,4.49,4.49
2021-05-04 22:55:14+02:00,10.9,10.9,6.04,7.94,9.36
2021-05-04 23:00:14+02:00,11.2,11.2,3.19,3.87,4.26
2021-05-04 23:05:15+02:00,11.4,11.4,4.59,5.07,5.07
2021-05-04 23:10:15+02:00,11.0,11.0,5.2,8.73,12.11
2021-05-04 23:15:15+02:00,11.3,11.3,4.68,5.7,6.31
2021-05-04 23:20:15+02:00,11.5,11.5,3.38,3.73,3.73
2021-05-04 23:25:14+02:00,11.7,11.7,2.91,3.22,3.22
2021-05-04 23:30:14+02:00,11.5,11.5,2.26,3.28,4.17
2021-05-04 23:35:15+02:00,11.5,11.5,4.62,5.1,5.1
2021-05-04 23:40:17+02:00,11.4,11.4,2.15,2.37,2.37
2021-05-04 23:45:16+02:00,11.2,11.2,4.47,6.58,8.43
2021-05-04 23:50:14+02:00,11.2,11.2,4.56,5.04,5.04
2021-05-04 23:55:14+02:00,11.2,11.2,3.1,4.22,5.13
2021-05-05 00:00:14+02:00,11.4,11.4,7.36,10.29,12.74
2021-05-05 00:05:20+02:00,11.5,11.5,7.75,8.57,8.57
2021-05-05 00:10:14+02:00,11.6,11.6,6.81,9.66,12.07
2021-05-05 00:15:14+02:00,11.2,11.2,8.97,10.5,11.15
2021-05-05 00:20:14+02:00,11.1,11.1,3.1,4.65,6.04
2021-05-05 00:25:20+02:00,11.0,11.0,5.51,7.12,8.3
2021-05-05 00:30:15+02:00,10.9,10.9,5.18,5.73,5.73
2021-05-05 00:35:14+02:00,11.0,11.0,4.34,6.13,7.63
2021-05-05 00:40:14+02:00,11.0,11.0,3.07,3.39,3.39
2021-05-05 00:45:14+02:00,11.0,11.0,3.82,5.94,7.89
2021-05-05 00:50:15+02:00,11.1,11.1,3.26,4.81,6.18
2021-05-05 00:55:15+02:00,11.4,11.4,4.85,6.5,7.8
2021-05-05 01:00:21+02:00,11.4,11.4,5.68,6.27,6.27
2021-05-05 01:05:14+02:00,11.4,11.4,2.76,3.72,4.49
2021-05-05 01:10:14+02:00,11.5,11.5,5.65,7.57,9.08
2021-05-05 01:15:15+02:00,11.6,11.6,2.94,3.25,3.25
2021-05-05 01:20:15+02:00,11.7,11.7,4.57,5.05,5.05
2021-05-05 01:25:14+02:00,11.6,11.6,4.38,6.54,8.46
2021-05-05 01:30:14+02:00,11.9,11.9,1.99,2.87,3.64
2021-05-05 01:35:17+02:00,11.9,11.9,2.64,4.17,5.6
2021-05-05 01:40:17+02:00,12.2,12.2,4.61,5.09,5.09
2021-05-05 01:45:14+02:00,12.2,12.2,1.97,3.07,4.09
2021-05-05 01:50:14+02:00,12.5,12.5,2.99,3.67,4.09
2021-05-05 01:55:14+02:00,12.5,12.5,3.52,6.52,9.51
2021-05-05 02:00:15+02:00,12.4,12.4,2.4,2.66,2.66
2021-05-05 02:05:14+02:00,12.5,12.5,4.01,4.43,4.43
2021-05-05 02:10:17+02:00,12.4,12.4,1.99,2.71,3.29
2021-05-05 02:15:16+02:00,12.4,12.4,2.32,2.56,2.56
2021-05-05 02:20:14+02:00,12.5,12.5,1.82,2.01,2.01
2021-05-05 02:25:14+02:00,12.4,12.4,1.8,3.43,5.05
2021-05-05 02:30:14+02:00,12.3,12.3,2.27,4.92,7.65
2021-05-05 02:35:15+02:00,12.3,12.3,5.64,6.24,6.24
2021-05-05 02:40:15+02:00,12.4,12.4,3.71,5.16,6.37
2021-05-05 02:45:14+02:00,12.6,12.6,3.04,4.16,5.06
2021-05-05 02:50:14+02:00,12.6,12.6,4.68,5.91,6.74
2021-05-05 02:55:15+02:00,12.4,12.4,3.63,7.56,11.58
2021-05-05 03:00:14+02:00,12.5,12.5,3.97,4.39,4.39
2021-05-05 03:05:15+02:00,12.3,12.3,2.97,3.28,3.28
2021-05-05 03:10:15+02:00,12.1,12.1,2.41,2.66,2.66
2021-05-05 03:15:15+02:00,12.0,12.0,5.73,11.59,17.56
2021-05-05 03:20:15+02:00,12.1,12.1,1.82,2.02,2.02
2021-05-05 03:25:14+02:00,12.2,12.2,5.6,8.61,11.36
2021-05-05 03:30:14+02:00,12.0,12.0,2.5,2.77,2.77
2021-05-05 03:40:15+02:00,12.0,12.0,2.38,2.63,2.63
2021-05-05 03:45:14+02:00,12.0,12.0,3.19,5.06,6.81
2021-05-05 03:50:14+02:00,12.0,12.0,3.53,3.91,3.91
2021-05-05 03:55:14+02:00,11.9,11.9,6.42,7.8,8.59
2021-05-05 04:00:15+02:00,11.8,11.8,1.91,2.12,2.12
2021-05-05 04:05:17+02:00,11.8,11.8,4.62,5.11,5.11
2021-05-05 04:10:15+02:00,11.8,11.8,5.34,9.69,13.99
2021-05-05 04:15:15+02:00,11.7,11.7,2.13,2.35,2.35
2021-05-05 04:20:15+02:00,11.6,11.6,5.19,5.74,5.74
2021-05-05 04:25:14+02:00,11.6,11.6,4.12,7.5,10.84
2021-05-05 04:30:14+02:00,11.1,11.1,6.45,10.59,14.54
2021-05-05 04:35:17+02:00,11.0,11.0,5.61,6.2,6.2
2021-05-05 04:40:14+02:00,11.1,11.1,5.09,5.63,5.63
2021-05-05 04:45:14+02:00,11.1,11.1,3.86,5.61,7.14
2021-05-05 04:50:20+02:00,10.0,10.0,9.02,9.97,9.97
2021-05-05 04:55:20+02:00,9.4,9.4,7.55,8.35,8.35
2021-05-05 05:00:14+02:00,9.4,9.4,6.74,9.42,11.65
2021-05-05 05:05:14+02:00,9.4,9.4,6.07,7.05,7.45
2021-05-05 05:10:15+02:00,9.2,9.2,5.74,8.26,10.44
2021-05-05 05:15:15+02:00,9.3,9.3,6.29,6.95,6.95
2021-05-05 05:20:15+02:00,9.3,9.3,5.97,7.42,8.34
2021-05-05 05:25:14+02:00,9.4,9.4,8.33,10.59,12.17
2021-05-05 05:30:14+02:00,9.3,9.3,5.96,7.9,9.39
2021-05-05 05:35:15+02:00,9.4,9.4,6.97,8.22,8.8
2021-05-05 05:40:15+02:00,9.6,9.6,4.64,5.13,5.13
2021-05-05 05:45:14+02:00,9.6,9.6,2.17,2.39,2.39
2021-05-05 05:50:14+02:00,10.0,10.0,5.38,6.8,7.77
2021-05-05 05:55:16+02:00,9.9,9.9,6.01,8.18,9.92
2021-05-05 06:00:14+02:00,9.9,9.9,0.57,0.62,0.62
2021-05-05 06:05:14+02:00,7.1,7.1,8.82,24.24,40.71
2021-05-05 06:10:15+02:00,6.1,6.1,1.64,1.81,1.81
