Date/time,PM10 [ug/m3],PM2.5 [ug/m3],TEMP [C]
2021-04-29 15:15:00+02:00,12.0,7.925,14.35
2021-04-29 15:20:00+02:00,12.1,7.966666666666667,14.366667
2021-04-29 15:25:00+02:00,12.2,8.008333333333333,14.383333
2021-04-29 15:30:00+02:00,12.3,8.05,14.4
2021-04-29 15:35:00+02:00,12.4,8.091666666666667,14.416667
2021-04-29 15:40:00+02:00,12.5,8.133333333333333,14.433333
2021-04-29 15:45:00+02:00,12.6,8.175,14.45
2021-04-29 15:50:00+02:00,12.7,8.216666666666667,14.466667
2021-04-29 15:55:00+02:00,12.8,8.258333333333335,14.483334
2021-04-29 16:00:00+02:00,12.9,8.3,14.5
2021-04-29 16:05:00+02:00,12.891666666666667,8.287500000000001,14.5
2021-04-29 16:10:00+02:00,12.883333333333333,8.275,14.5
2021-04-29 16:15:00+02:00,12.875,8.262500000000001,14.5
2021-04-29 16:20:00+02:00,12.866666666666667,8.25,14.5
2021-04-29 16:25:00+02:00,12.858333333333334,8.2375,14.5
2021-04-29 16:30:00+02:00,12.850000000000001,8.225000000000001,14.5
2021-04-29 16:35:00+02:00,12.841666666666667,8.2125,14.5
2021-04-29 16:40:00+02:00,12.833333333333334,8.200000000000001,14.5
2021-04-29 16:45:00+02:00,12.825000000000001,8.1875,14.5
2021-04-29 16:50:00+02:00,12.816666666666666,8.175,14.5
2021-04-29 16:55:00+02:00,12.808333333333334,8.1625,14.5
2021-04-29 17:00:00+02:00,12.8,8.15,14.5
2021-04-29 17:05:00+02:00,12.791666666666668,8.137500000000001,14.441667
2021-04-29 17:10:00+02:00,12.783333333333333,8.125,14.383333
2021-04-29 17:15:00+02:00,12.775,8.1125,14.325
2021-04-29 17:20:00+02:00,12.766666666666667,8.1,14.266666
2021-04-29 17:25:00+02:00,12.758333333333333,8.0875,14.208333
2021-04-29 17:30:00+02:00,12.75,8.075,14.15
2021-04-29 17:35:00+02:00,12.741666666666667,8.0625,14.091667
2021-04-29 17:40:00+02:00,12.733333333333333,8.05,14.033334
2021-04-29 17:45:00+02:00,12.725,8.0375,13.975
2021-04-29 17:50:00+02:00,12.716666666666667,8.025,13.916667
2021-04-29 17:55:00+02:00,12.708333333333332,8.0125,13.858334
2021-04-29 18:00:00+02:00,12.7,8.0,13.8
2021-04-29 18:05:00+02:00,12.375,7.825,13.683333
2021-04-29 18:10:00+02:00,12.049999999999999,7.65,13.566667
2021-04-29 18:15:00+02:00,11.725,7.475,13.45
2021-04-29 18:20:00+02:00,11.4,7.3,13.333333
2021-04-29 18:25:00+02:00,11.075,7.125,13.216666
2021-04-29 18:30:00+02:00,10.75,6.95,13.1
2021-04-29 18:35:00+02:00,10.425,6.775,12.983334
2021-04-29 18:40:00+02:00,10.1,6.6000000000000005,12.866667
2021-04-29 18:45:00+02:00,9.775,6.425000000000001,12.75
2021-04-29 18:50:00+02:00,9.45,6.25,12.633333
2021-04-29 18:55:00+02:00,9.125,6.075,12.516666
2021-04-29 19:00:00+02:00,8.8,5.9,12.4
2021-04-29 19:05:00+02:00,8.841666666666667,6.0,12.358333
2021-04-29 19:10:00+02:00,8.883333333333335,6.1000000000000005,12.316667
2021-04-29 19:15:00+02:00,8.925,6.2,12.275
2021-04-29 19:20:00+02:00,8.966666666666667,6.3,12.233333
2021-04-29 19:25:00+02:00,9.008333333333335,6.4,12.191667
2021-04-29 19:30:00+02:00,9.05,6.5,12.15
2021-04-29 19:35:00+02:00,9.091666666666667,6.6,12.108333
2021-04-29 19:40:00+02:00,9.133333333333335,6.7,12.066667
2021-04-29 19:45:00+02:00,9.175,6.8,12.025
2021-04-29 19:50:00+02:00,9.216666666666667,6.8999999999999995,11.983333
2021-04-29 19:55:00+02:00,9.258333333333335,7.0,11.941667
2021-04-29 20:00:00+02:00,9.3,7.1,11.9
2021-04-29 20:05:00+02:00,9.15,7.008333333333333,11.891666
2021-04-29 20:10:00+02:00,9.0,6.916666666666666,11.883333
2021-04-29 20:15:00+02:00,8.850000000000001,6.824999999999999,11.875
2021-04-29 20:20:00+02:00,8.700000000000001,6.733333333333333,11.866667
2021-04-29 20:25:00+02:00,8.55,6.641666666666667,11.858334
2021-04-29 20:30:00+02:00,8.4,6.55,11.85
2021-04-29 20:35:00+02:00,8.25,6.458333333333333,11.841666
2021-04-29 20:40:00+02:00,8.1,6.366666666666666,11.833333
2021-04-29 20:45:00+02:00,7.95,6.275,11.825
2021-04-29 20:50:00+02:00,7.800000000000001,6.183333333333334,11.816667
2021-04-29 20:55:00+02:00,7.65,6.091666666666667,11.808333
2021-04-29 21:00:00+02:00,7.5,6.0,11.8
2021-04-29 21:05:00+02:00,7.483333333333333,5.983333333333333,11.766666
2021-04-29 21:10:00+02:00,7.466666666666667,5.966666666666667,11.733334
2021-04-29 21:15:00+02:00,7.45,5.95,11.7
2021-04-29 21:20:00+02:00,7.433333333333334,5.933333333333334,11.666667
2021-04-29 21:25:00+02:00,7.416666666666667,5.916666666666667,11.633333
2021-04-29 21:30:00+02:00,7.4,5.9,11.6
2021-04-29 21:35:00+02:00,7.383333333333333,5.883333333333333,11.566667
2021-04-29 21:40:00+02:00,7.366666666666666,5.866666666666666,11.533333
2021-04-29 21:45:00+02:00,7.35,5.85,11.5
2021-04-29 21:50:00+02:00,7.333333333333333,5.833333333333333,11.466666
2021-04-29 21:55:00+02:00,7.316666666666666,5.816666666666666,11.433333
2021-04-29 22:00:00+02:00,7.3,5.8,11.4
2021-04-29 22:05:00+02:00,7.366666666666666,5.825,11.383333
2021-04-29 22:10:00+02:00,7.433333333333334,5.85,11.366667
2021-04-29 22:15:00+02:00,7.5,5.875,11.349999
2021-04-29 22:20:00+02:00,7.566666666666666,5.8999999999999995,11.333333
2021-04-29 22:25:00+02:00,7.633333333333333,5.925,11.316667
2021-04-29 22:30:00+02:00,7.699999999999999,5.949999999999999,11.299999
2021-04-29 22:35:00+02:00,7.766666666666667,5.975,11.283333
2021-04-29 22:40:00+02:00,7.833333333333333,6.0,11.266666
2021-04-29 22:45:00+02:00,7.8999999999999995,6.0249999999999995,11.25
2021-04-29 22:50:00+02:00,7.966666666666667,6.05,11.233334
2021-04-29 22:55:00+02:00,8.033333333333333,6.074999999999999,11.216666
2021-04-29 23:00:00+02:00,8.1,6.1,11.2
2021-04-29 23:05:00+02:00,8.166666666666666,6.141666666666667,11.208333
2021-04-29 23:10:00+02:00,8.233333333333333,6.183333333333333,11.216666
2021-04-29 23:15:00+02:00,8.3,6.225,11.225
2021-04-29 23:20:00+02:00,8.366666666666667,6.266666666666667,11.233334
2021-04-29 23:25:00+02:00,8.433333333333334,6.308333333333333,11.241667
2021-04-29 23:30:00+02:00,8.5,6.35,11.25
2021-04-29 23:35:00+02:00,8.566666666666666,6.391666666666667,11.258333
2021-04-29 23:40:00+02:00,8.633333333333333,6.433333333333333,11.266666
2021-04-29 23:45:00+02:00,8.7,6.475,11.275
2021-04-29 23:50:00+02:00,8.766666666666667,6.516666666666667,11.283334
2021-04-29 23:55:00+02:00,8.833333333333334,6.558333333333333,11.291667
2021-04-30 00:00:00+02:00,8.9,6.6,11.3
2021-04-30 00:05:00+02:00,8.75,6.533333333333333,11.291667
2021-04-30 00:10:00+02:00,8.6,6.466666666666667,11.283334
2021-04-30 00:15:00+02:00,8.45,6.3999999999999995,11.275
2021-04-30 00:20:00+02:00,8.3,6.333333333333333,11.266666
2021-04-30 00:25:00+02:00,8.15,6.266666666666667,11.258333
2021-04-30 00:30:00+02:00,8.0,6.199999999999999,11.25
2021-04-30 00:35:00+02:00,7.85,6.133333333333333,11.241667
2021-04-30 00:40:00+02:00,7.7,6.066666666666666,11.233334
2021-04-30 00:45:00+02:00,7.55,6.0,11.225
2021-04-30 00:50:00+02:00,7.4,5.933333333333334,11.216666
2021-04-30 00:55:00+02:00,7.25,5.866666666666666,11.208333
2021-04-30 01:00:00+02:00,7.1,5.8,11.2
2021-04-30 01:05:00+02:00,7.008333333333333,5.716666666666667,11.2
2021-04-30 01:10:00+02:00,6.916666666666666,5.633333333333333,11.2
2021-04-30 01:15:00+02:00,6.824999999999999,5.55,11.2
2021-04-30 01:20:00+02:00,6.733333333333333,5.466666666666667,11.2
2021-04-30 01:25:00+02:00,6.641666666666667,5.383333333333333,11.2
2021-04-30 01:30:00+02:00,6.55,5.3,11.2
2021-04-30 01:35:00+02:00,6.458333333333333,5.216666666666667,11.2
2021-04-30 01:40:00+02:00,6.366666666666666,5.133333333333333,11.2
2021-04-30 01:45:00+02:00,6.275,5.05,11.2
2021-04-30 01:50:00+02:00,6.183333333333334,4.966666666666667,11.2
2021-04-30 01:55:00+02:00,6.091666666666667,4.883333333333333,11.2
2021-04-30 02:00:00+02:00,6.0,4.8,11.2
2021-04-30 02:05:00+02:00,6.208333333333333,4.8999999999999995,11.183333
2021-04-30 02:10:00+02:00,6.416666666666667,5.0,11.166666
2021-04-30 02:15:00+02:00,6.625,5.1,11.15
2021-04-30 02:20:00+02:00,6.833333333333333,5.2,11.133333
2021-04-30 02:25:00+02:00,7.041666666666667,5.3,11.116667
2021-04-30 02:30:00+02:00,7.25,5.4,11.1
2021-04-30 02:35:00+02:00,7.458333333333334,5.5,11.083333
2021-04-30 02:40:00+02:00,7.666666666666667,5.6,11.066667
2021-04-30 02:45:00+02:00,7.875,5.7,11.05
2021-04-30 02:50:00+02:00,8.083333333333334,5.8,11.033333
2021-04-30 02:55:00+02:00,8.291666666666668,5.9,11.016666
2021-04-30 03:00:00+02:00,8.5,6.0,11.0
2021-04-30 03:05:00+02:00,8.716666666666667,6.116666666666667,10.991667
2021-04-30 03:10:00+02:00,8.933333333333334,6.233333333333333,10.983334
2021-04-30 03:15:00+02:00,9.15,6.35,10.975
2021-04-30 03:20:00+02:00,9.366666666666667,6.466666666666667,10.966666
2021-04-30 03:25:00+02:00,9.583333333333334,6.583333333333334,10.958333
2021-04-30 03:30:00+02:00,9.8,6.7,10.95
2021-04-30 03:35:00+02:00,10.016666666666666,6.816666666666666,10.941667
2021-04-30 03:40:00+02:00,10.233333333333333,6.933333333333334,10.933333
2021-04-30 03:45:00+02:00,10.45,7.050000000000001,10.924999
2021-04-30 03:50:00+02:00,10.666666666666666,7.166666666666667,10.916666
2021-04-30 03:55:00+02:00,10.883333333333333,7.283333333333333,10.908333
2021-04-30 04:00:00+02:00,11.1,7.4,10.9
2021-04-30 04:05:00+02:00,11.141666666666666,7.45,10.891666
2021-04-30 04:10:00+02:00,11.183333333333334,7.5,10.883333
2021-04-30 04:15:00+02:00,11.225,7.550000000000001,10.875
2021-04-30 04:20:00+02:00,11.266666666666666,7.6000000000000005,10.866667
2021-04-30 04:25:00+02:00,11.308333333333334,7.65,10.858334
2021-04-30 04:30:00+02:00,11.35,7.7,10.85
2021-04-30 04:35:00+02:00,11.391666666666666,7.75,10.841666
2021-04-30 04:40:00+02:00,11.433333333333334,7.8,10.833333
2021-04-30 04:45:00+02:00,11.475,7.85,10.825
2021-04-30 04:50:00+02:00,11.516666666666666,7.9,10.816667
2021-04-30 04:55:00+02:00,11.558333333333334,7.95,10.808333
2021-04-30 05:00:00+02:00,11.6,8.0,10.8
2021-04-30 05:05:00+02:00,11.683333333333334,8.075,10.791667
2021-04-30 05:10:00+02:00,11.766666666666666,8.15,10.783334
2021-04-30 05:15:00+02:00,11.85,8.225,10.775
2021-04-30 05:20:00+02:00,11.933333333333334,8.3,10.766666
2021-04-30 05:25:00+02:00,12.016666666666666,8.375,10.758333
2021-04-30 05:30:00+02:00,12.1,8.45,10.75
2021-04-30 05:35:00+02:00,12.183333333333334,8.525,10.741667
2021-04-30 05:40:00+02:00,12.266666666666666,8.6,10.733334
2021-04-30 05:45:00+02:00,12.35,8.675,10.725
2021-04-30 05:50:00+02:00,12.433333333333334,8.75,10.716666
2021-04-30 05:55:00+02:00,12.516666666666666,8.825000000000001,10.708333
2021-04-30 06:00:00+02:00,12.6,8.9,10.7
2021-04-30 06:05:00+02:00,12.641666666666666,8.950000000000001,10.716666
2021-04-30 06:10:00+02:00,12.683333333333334,9.0,10.733334
2021-04-30 06:15:00+02:00,12.725,9.05,10.75
2021-04-30 06:20:00+02:00,12.766666666666666,9.1,10.766666
2021-04-30 06:25:00+02:00,12.808333333333334,9.15,10.783333
2021-04-30 06:30:00+02:00,12.85,9.2,10.799999
2021-04-30 06:35:00+02:00,12.891666666666666,9.25,10.816667
2021-04-30 06:40:00+02:00,12.933333333333334,9.3,10.833333
2021-04-30 06:45:00+02:00,12.975,9.35,10.849999
2021-04-30 06:50:00+02:00,13.016666666666666,9.4,10.866667
2021-04-30 06:55:00+02:00,13.058333333333334,9.45,10.883333
2021-04-30 07:00:00+02:00,13.1,9.5,10.9
2021-04-30 07:05:00+02:00,13.191666666666666,9.55,10.974999
2021-04-30 07:10:00+02:00,13.283333333333333,9.6,11.049999
2021-04-30 07:15:00+02:00,13.375,9.65,11.125
2021-04-30 07:20:00+02:00,13.466666666666667,9.7,11.2
2021-04-30 07:25:00+02:00,13.558333333333334,9.75,11.275
2021-04-30 07:30:00+02:00,13.649999999999999,9.8,11.35
2021-04-30 07:35:00+02:00,13.741666666666665,9.85,11.425
2021-04-30 07:40:00+02:00,13.833333333333332,9.9,11.5
2021-04-30 07:45:00+02:00,13.924999999999999,9.95,11.575
2021-04-30 07:50:00+02:00,14.016666666666666,10.0,11.65
2021-04-30 07:55:00+02:00,14.108333333333333,10.049999999999999,11.725
2021-04-30 08:00:00+02:00,14.2,10.1,11.8
2021-04-30 08:05:00+02:00,14.174999999999999,10.1,11.866667
2021-04-30 08:10:00+02:00,14.149999999999999,10.1,11.933333
2021-04-30 08:15:00+02:00,14.125,10.1,12.0
2021-04-30 08:20:00+02:00,14.1,10.1,12.066667
2021-04-30 08:25:00+02:00,14.075,10.1,12.133333
2021-04-30 08:30:00+02:00,14.05,10.1,12.200001
2021-04-30 08:35:00+02:00,14.025,10.1,12.266667
2021-04-30 08:40:00+02:00,14.0,10.1,12.333334
2021-04-30 08:45:00+02:00,13.975,10.1,12.400001
2021-04-30 08:50:00+02:00,13.95,10.1,12.466667
2021-04-30 08:55:00+02:00,13.925,10.1,12.533334
2021-04-30 09:00:00+02:00,13.9,10.1,12.6
2021-04-30 09:05:00+02:00,14.083333333333334,10.174999999999999,12.700001
2021-04-30 09:10:00+02:00,14.266666666666667,10.25,12.8
2021-04-30 09:15:00+02:00,14.450000000000001,10.325,12.900001
2021-04-30 09:20:00+02:00,14.633333333333335,10.4,13.0
2021-04-30 09:25:00+02:00,14.816666666666668,10.475,13.1
2021-04-30 09:30:00+02:00,15.0,10.55,13.200001
2021-04-30 09:35:00+02:00,15.183333333333334,10.625,13.3
2021-04-30 09:40:00+02:00,15.366666666666667,10.7,13.400001
2021-04-30 09:45:00+02:00,15.55,10.775,13.5
2021-04-30 09:50:00+02:00,15.733333333333334,10.85,13.6
2021-04-30 09:55:00+02:00,15.916666666666668,10.925,13.7
2021-04-30 10:00:00+02:00,16.1,11.0,13.8
2021-04-30 10:05:00+02:00,15.941666666666668,10.933333333333334,13.875
2021-04-30 10:10:00+02:00,15.783333333333335,10.866666666666667,13.95
2021-04-30 10:15:00+02:00,15.625,10.8,14.025
2021-04-30 10:20:00+02:00,15.466666666666667,10.733333333333333,14.1
2021-04-30 10:25:00+02:00,15.308333333333334,10.666666666666666,14.175
2021-04-30 10:30:00+02:00,15.15,10.6,14.25
2021-04-30 10:35:00+02:00,14.991666666666667,10.533333333333333,14.325
2021-04-30 10:40:00+02:00,14.833333333333334,10.466666666666667,14.4
2021-04-30 10:45:00+02:00,14.675,10.399999999999999,14.475
2021-04-30 10:50:00+02:00,14.516666666666666,10.333333333333332,14.55
2021-04-30 10:55:00+02:00,14.358333333333333,10.266666666666666,14.625
2021-04-30 11:00:00+02:00,14.2,10.2,14.7
2021-04-30 11:05:00+02:00,14.208333333333332,10.274999999999999,14.783333
2021-04-30 11:10:00+02:00,14.216666666666667,10.35,14.866667
2021-04-30 11:15:00+02:00,14.225,10.424999999999999,14.95
2021-04-30 11:20:00+02:00,14.233333333333333,10.5,15.033333
2021-04-30 11:25:00+02:00,14.241666666666667,10.575,15.116667
2021-04-30 11:30:00+02:00,14.25,10.649999999999999,15.2
2021-04-30 11:35:00+02:00,14.258333333333333,10.725,15.283333
2021-04-30 11:40:00+02:00,14.266666666666667,10.799999999999999,15.366667
2021-04-30 11:45:00+02:00,14.275,10.875,15.45
2021-04-30 11:50:00+02:00,14.283333333333333,10.95,15.533333
2021-04-30 11:55:00+02:00,14.291666666666668,11.025,15.616667
2021-04-30 12:00:00+02:00,14.3,11.1,15.7
2021-04-30 12:05:00+02:00,14.891666666666667,11.308333333333334,15.758333
2021-04-30 12:10:00+02:00,15.483333333333334,11.516666666666666,15.816667
2021-04-30 12:15:00+02:00,16.075,11.725,15.875
2021-04-30 12:20:00+02:00,16.666666666666668,11.933333333333334,15.933333
2021-04-30 12:25:00+02:00,17.258333333333333,12.141666666666666,15.991667
2021-04-30 12:30:00+02:00,17.85,12.35,16.05
2021-04-30 12:35:00+02:00,18.441666666666666,12.558333333333334,16.108334
2021-04-30 12:40:00+02:00,19.03333333333333,12.766666666666666,16.166666
2021-04-30 12:45:00+02:00,19.625,12.975,16.225
2021-04-30 12:50:00+02:00,20.216666666666665,13.183333333333334,16.283333
2021-04-30 12:55:00+02:00,20.80833333333333,13.391666666666666,16.341667
2021-04-30 13:00:00+02:00,21.4,13.6,16.4
2021-04-30 13:05:00+02:00,21.129166666666666,13.674999999999999,16.083332
2021-04-30 13:10:00+02:00,20.85833333333333,13.75,15.766666
2021-04-30 13:15:00+02:00,20.5875,13.825,15.45
2021-04-30 13:20:00+02:00,20.316666666666666,13.9,15.133333
2021-04-30 13:25:00+02:00,20.04583333333333,13.975,14.816667
2021-04-30 13:30:00+02:00,19.775,14.05,14.5
2021-04-30 13:35:00+02:00,19.504166666666666,14.125,14.183333
2021-04-30 13:40:00+02:00,19.23333333333333,14.2,13.866667
2021-04-30 13:45:00+02:00,18.9625,14.275,13.55
2021-04-30 13:50:00+02:00,18.691666666666666,14.35,13.233334
2021-04-30 13:55:00+02:00,18.42083333333333,14.425,12.916667
2021-04-30 14:00:00+02:00,18.15,14.5,12.6
2021-04-30 14:05:00+02:00,17.879166666666666,14.058333333333334,12.366667
2021-04-30 14:10:00+02:00,17.60833333333333,13.616666666666667,12.133333
2021-04-30 14:15:00+02:00,17.3375,13.175,11.900001
2021-04-30 14:20:00+02:00,17.066666666666666,12.733333333333333,11.666667
2021-04-30 14:25:00+02:00,16.795833333333334,12.291666666666666,11.433333
2021-04-30 14:30:00+02:00,16.525,11.85,11.200001
2021-04-30 14:35:00+02:00,16.254166666666666,11.408333333333333,10.966667
2021-04-30 14:40:00+02:00,15.983333333333333,10.966666666666667,10.733334
2021-04-30 14:45:00+02:00,15.7125,10.524999999999999,10.5
2021-04-30 14:50:00+02:00,15.441666666666666,10.083333333333332,10.266666
2021-04-30 14:55:00+02:00,15.170833333333334,9.641666666666666,10.033334
2021-04-30 15:00:00+02:00,14.9,9.2,9.8
2021-04-30 15:05:00+02:00,14.508333333333333,8.966666666666667,9.716667
2021-04-30 15:10:00+02:00,14.116666666666667,8.733333333333333,9.633333
2021-04-30 15:15:00+02:00,13.725,8.5,9.55
2021-04-30 15:20:00+02:00,13.333333333333334,8.266666666666666,9.466667
2021-04-30 15:25:00+02:00,12.941666666666666,8.033333333333333,9.383333
2021-04-30 15:30:00+02:00,12.55,7.8,9.3
2021-04-30 15:35:00+02:00,12.158333333333333,7.566666666666666,9.216667
2021-04-30 15:40:00+02:00,11.766666666666666,7.333333333333333,9.133333
2021-04-30 15:45:00+02:00,11.375,7.1,9.05
2021-04-30 15:50:00+02:00,10.983333333333333,6.866666666666667,8.966667
2021-04-30 15:55:00+02:00,10.591666666666665,6.633333333333333,8.883333
2021-04-30 16:00:00+02:00,10.2,6.4,8.8
2021-04-30 16:05:00+02:00,9.95,6.283333333333333,8.733334
2021-04-30 16:10:00+02:00,9.7,6.166666666666667,8.666667
2021-04-30 16:15:00+02:00,9.45,6.050000000000001,8.6
2021-04-30 16:20:00+02:00,9.2,5.933333333333334,8.533334
2021-04-30 16:25:00+02:00,8.95,5.816666666666666,8.466667
2021-04-30 16:30:00+02:00,8.7,5.7,8.4
2021-04-30 16:35:00+02:00,8.45,5.583333333333334,8.333333
2021-04-30 16:40:00+02:00,8.2,5.466666666666667,8.266666
2021-04-30 16:45:00+02:00,7.95,5.35,8.2
2021-04-30 16:50:00+02:00,7.7,5.233333333333333,8.133333
2021-04-30 16:55:00+02:00,7.45,5.116666666666667,8.066667
2021-04-30 17:00:00+02:00,7.2,5.0,8.0
2021-04-30 17:05:00+02:00,7.116666666666667,5.0,7.9583335
2021-04-30 17:10:00+02:00,7.033333333333333,5.0,7.9166665
2021-04-30 17:15:00+02:00,6.95,5.0,7.875
2021-04-30 17:20:00+02:00,6.866666666666667,5.0,7.8333335
2021-04-30 17:25:00+02:00,6.783333333333333,5.0,7.7916665
2021-04-30 17:30:00+02:00,6.7,5.0,7.75
2021-04-30 17:35:00+02:00,6.616666666666667,5.0,7.7083335
2021-04-30 17:40:00+02:00,6.533333333333333,5.0,7.6666665
2021-04-30 17:45:00+02:00,6.45,5.0,7.625
2021-04-30 17:50:00+02:00,6.366666666666667,5.0,7.5833335
2021-04-30 17:55:00+02:00,6.283333333333333,5.0,7.5416665
2021-04-30 18:00:00+02:00,6.2,5.0,7.5
2021-04-30 18:05:00+02:00,6.258333333333334,5.075,7.491667
2021-04-30 18:10:00+02:00,6.316666666666666,5.15,7.4833336
2021-04-30 18:15:00+02:00,6.375,5.225,7.475
2021-04-30 18:20:00+02:00,6.433333333333334,5.3,7.4666667
2021-04-30 18:25:00+02:00,6.491666666666667,5.375,7.4583335
2021-04-30 18:30:00+02:00,6.550000000000001,5.45,7.45
2021-04-30 18:35:00+02:00,6.608333333333333,5.525,7.4416666
2021-04-30 18:40:00+02:00,6.666666666666667,5.6000000000000005,7.4333334
2021-04-30 18:45:00+02:00,6.7250000000000005,5.675000000000001,7.425
2021-04-30 18:50:00+02:00,6.783333333333333,5.75,7.416667
2021-04-30 18:55:00+02:00,6.841666666666667,5.825,7.4083333
2021-04-30 19:00:00+02:00,6.9,5.9,7.4
2021-04-30 19:05:00+02:00,6.9,5.916666666666667,7.366667
2021-04-30 19:10:00+02:00,6.9,5.933333333333334,7.3333335
2021-04-30 19:15:00+02:00,6.9,5.95,7.3
2021-04-30 19:20:00+02:00,6.9,5.966666666666667,7.266667
2021-04-30 19:25:00+02:00,6.9,5.983333333333333,7.2333336
2021-04-30 19:30:00+02:00,6.9,6.0,7.2
2021-04-30 19:35:00+02:00,6.9,6.016666666666667,7.1666665
2021-04-30 19:40:00+02:00,6.9,6.033333333333333,7.133333
2021-04-30 19:45:00+02:00,6.9,6.05,7.1
2021-04-30 19:50:00+02:00,6.9,6.066666666666666,7.0666666
2021-04-30 19:55:00+02:00,6.9,6.083333333333333,7.0333333
2021-04-30 20:00:00+02:00,6.9,6.1,7.0
2021-04-30 20:05:00+02:00,6.9750000000000005,6.191666666666666,6.991667
2021-04-30 20:10:00+02:00,7.050000000000001,6.283333333333333,6.9833336
2021-04-30 20:15:00+02:00,7.125,6.375,6.975
2021-04-30 20:20:00+02:00,7.2,6.466666666666667,6.9666667
2021-04-30 20:25:00+02:00,7.275,6.558333333333334,6.9583335
2021-04-30 20:30:00+02:00,7.35,6.65,6.95
2021-04-30 20:35:00+02:00,7.425,6.741666666666667,6.9416666
2021-04-30 20:40:00+02:00,7.5,6.833333333333333,6.9333334
2021-04-30 20:45:00+02:00,7.575,6.925,6.925
2021-04-30 20:50:00+02:00,7.65,7.016666666666667,6.916667
2021-04-30 20:55:00+02:00,7.725,7.108333333333333,6.9083333
2021-04-30 21:00:00+02:00,7.8,7.2,6.9
2021-04-30 21:05:00+02:00,7.858333333333333,7.25,6.891667
2021-04-30 21:10:00+02:00,7.916666666666666,7.3,6.883333
2021-04-30 21:15:00+02:00,7.975,7.35,6.875
2021-04-30 21:20:00+02:00,8.033333333333333,7.4,6.866667
2021-04-30 21:25:00+02:00,8.091666666666667,7.45,6.8583336
2021-04-30 21:30:00+02:00,8.15,7.5,6.8500004
2021-04-30 21:35:00+02:00,8.208333333333334,7.55,6.8416667
2021-04-30 21:40:00+02:00,8.266666666666666,7.6,6.8333335
2021-04-30 21:45:00+02:00,8.325,7.65,6.8250003
2021-04-30 21:50:00+02:00,8.383333333333333,7.7,6.8166666
2021-04-30 21:55:00+02:00,8.441666666666666,7.75,6.8083334
2021-04-30 22:00:00+02:00,8.5,7.8,6.8
2021-04-30 22:05:00+02:00,8.658333333333333,7.983333333333333,6.791667
2021-04-30 22:10:00+02:00,8.816666666666666,8.166666666666666,6.7833333
2021-04-30 22:15:00+02:00,8.975,8.35,6.775
2021-04-30 22:20:00+02:00,9.133333333333333,8.533333333333333,6.766667
2021-04-30 22:25:00+02:00,9.291666666666666,8.716666666666667,6.758333
2021-04-30 22:30:00+02:00,9.45,8.9,6.75
2021-04-30 22:35:00+02:00,9.608333333333334,9.083333333333334,6.741667
2021-04-30 22:40:00+02:00,9.766666666666667,9.266666666666666,6.733333
2021-04-30 22:45:00+02:00,9.925,9.45,6.725
2021-04-30 22:50:00+02:00,10.083333333333334,9.633333333333333,6.7166667
2021-04-30 22:55:00+02:00,10.241666666666667,9.816666666666666,6.708333
2021-04-30 23:00:00+02:00,10.4,10.0,6.7
2021-04-30 23:05:00+02:00,10.75,10.341666666666667,6.6916666
2021-04-30 23:10:00+02:00,11.1,10.683333333333334,6.6833334
2021-04-30 23:15:00+02:00,11.45,11.025,6.6749997
2021-04-30 23:20:00+02:00,11.8,11.366666666666667,6.6666665
2021-04-30 23:25:00+02:00,12.15,11.708333333333332,6.6583333
2021-04-30 23:30:00+02:00,12.5,12.05,6.6499996
2021-04-30 23:35:00+02:00,12.85,12.391666666666666,6.6416664
2021-04-30 23:40:00+02:00,13.2,12.733333333333333,6.633333
2021-04-30 23:45:00+02:00,13.55,13.075,6.625
2021-04-30 23:50:00+02:00,13.899999999999999,13.416666666666666,6.616667
2021-04-30 23:55:00+02:00,14.25,13.758333333333333,6.608333
2021-05-01 00:00:00+02:00,14.6,14.1,6.6
2021-05-01 00:05:00+02:00,14.808333333333334,14.299999999999999,6.633333
2021-05-01 00:10:00+02:00,15.016666666666666,14.5,6.6666665
2021-05-01 00:15:00+02:00,15.225,14.7,6.7
2021-05-01 00:20:00+02:00,15.433333333333334,14.9,6.733333
2021-05-01 00:25:00+02:00,15.641666666666667,15.1,6.7666664
2021-05-01 00:30:00+02:00,15.850000000000001,15.3,6.8
2021-05-01 00:35:00+02:00,16.058333333333334,15.5,6.8333335
2021-05-01 00:40:00+02:00,16.266666666666666,15.7,6.866667
2021-05-01 00:45:00+02:00,16.475,15.9,6.9
2021-05-01 00:50:00+02:00,16.683333333333334,16.1,6.9333334
2021-05-01 00:55:00+02:00,16.89166666666667,16.3,6.9666667
2021-05-01 01:00:00+02:00,17.1,16.5,7.0
2021-05-01 01:05:00+02:00,17.0,16.4,6.9833336
2021-05-01 01:10:00+02:00,16.900000000000002,16.3,6.9666667
2021-05-01 01:15:00+02:00,16.8,16.2,6.95
2021-05-01 01:20:00+02:00,16.700000000000003,16.1,6.9333334
2021-05-01 01:25:00+02:00,16.6,16.0,6.916667
2021-05-01 01:30:00+02:00,16.5,15.9,6.9
2021-05-01 01:35:00+02:00,16.400000000000002,15.8,6.883333
2021-05-01 01:40:00+02:00,16.3,15.700000000000001,6.866667
2021-05-01 01:45:00+02:00,16.2,15.600000000000001,6.8500004
2021-05-01 01:50:00+02:00,16.1,15.5,6.8333335
2021-05-01 01:55:00+02:00,16.0,15.4,6.8166666
2021-05-01 02:00:00+02:00,15.9,15.3,6.8
2021-05-01 02:05:00+02:00,15.9,15.3,6.791667
2021-05-01 02:10:00+02:00,15.9,15.3,6.7833333
2021-05-01 02:15:00+02:00,15.9,15.3,6.775
2021-05-01 02:20:00+02:00,15.9,15.3,6.766667
2021-05-01 02:25:00+02:00,15.9,15.3,6.758333
2021-05-01 02:30:00+02:00,15.9,15.3,6.75
2021-05-01 02:35:00+02:00,15.9,15.3,6.741667
2021-05-01 02:40:00+02:00,15.9,15.3,6.733333
2021-05-01 02:45:00+02:00,15.9,15.3,6.725
2021-05-01 02:50:00+02:00,15.9,15.3,6.7166667
2021-05-01 02:55:00+02:00,15.9,15.3,6.708333
2021-05-01 03:00:00+02:00,15.9,15.3,6.7
2021-05-01 03:05:00+02:00,15.841666666666667,15.25,6.708333
2021-05-01 03:10:00+02:00,15.783333333333333,15.200000000000001,6.7166667
2021-05-01 03:15:00+02:00,15.725,15.15,6.725
2021-05-01 03:20:00+02:00,15.666666666666666,15.1,6.733333
2021-05-01 03:25:00+02:00,15.608333333333333,15.05,6.741667
2021-05-01 03:30:00+02:00,15.55,15.0,6.75
2021-05-01 03:35:00+02:00,15.491666666666667,14.95,6.758333
2021-05-01 03:40:00+02:00,15.433333333333334,14.9,6.766667
2021-05-01 03:45:00+02:00,15.375,14.85,6.775
2021-05-01 03:50:00+02:00,15.316666666666666,14.799999999999999,6.7833333
2021-05-01 03:55:00+02:00,15.258333333333333,14.75,6.791667
2021-05-01 04:00:00+02:00,15.2,14.7,6.8
2021-05-01 04:05:00+02:00,15.274999999999999,14.758333333333333,6.8083334
2021-05-01 04:10:00+02:00,15.35,14.816666666666666,6.8166666
2021-05-01 04:15:00+02:00,15.425,14.875,6.8250003
2021-05-01 04:20:00+02:00,15.5,14.933333333333334,6.8333335
2021-05-01 04:25:00+02:00,15.575,14.991666666666667,6.8416667
2021-05-01 04:30:00+02:00,15.65,15.05,6.8500004
2021-05-01 04:35:00+02:00,15.725000000000001,15.108333333333333,6.8583336
2021-05-01 04:40:00+02:00,15.8,15.166666666666666,6.866667
2021-05-01 04:45:00+02:00,15.875,15.225,6.875
2021-05-01 04:50:00+02:00,15.950000000000001,15.283333333333333,6.883333
2021-05-01 04:55:00+02:00,16.025000000000002,15.341666666666667,6.891667
2021-05-01 05:00:00+02:00,16.1,15.4,6.9
2021-05-01 05:05:00+02:00,16.09166666666667,15.383333333333333,6.9083333
2021-05-01 05:10:00+02:00,16.083333333333336,15.366666666666667,6.916667
2021-05-01 05:15:00+02:00,16.075000000000003,15.35,6.925
2021-05-01 05:20:00+02:00,16.066666666666666,15.333333333333334,6.9333334
2021-05-01 05:25:00+02:00,16.058333333333334,15.316666666666666,6.9416666
2021-05-01 05:30:00+02:00,16.05,15.3,6.95
2021-05-01 05:35:00+02:00,16.041666666666668,15.283333333333333,6.9583335
2021-05-01 05:40:00+02:00,16.033333333333335,15.266666666666666,6.9666667
2021-05-01 05:45:00+02:00,16.025,15.25,6.975
2021-05-01 05:50:00+02:00,16.016666666666666,15.233333333333333,6.9833336
2021-05-01 05:55:00+02:00,16.008333333333333,15.216666666666667,6.991667
2021-05-01 06:00:00+02:00,16.0,15.2,7.0
2021-05-01 06:05:00+02:00,16.016666666666666,15.208333333333332,7.025
2021-05-01 06:10:00+02:00,16.03333333333333,15.216666666666667,7.05
2021-05-01 06:15:00+02:00,16.05,15.225,7.075
2021-05-01 06:20:00+02:00,16.066666666666666,15.233333333333333,7.1
2021-05-01 06:25:00+02:00,16.083333333333332,15.241666666666667,7.125
2021-05-01 06:30:00+02:00,16.1,15.25,7.15
2021-05-01 06:35:00+02:00,16.116666666666667,15.258333333333333,7.175
2021-05-01 06:40:00+02:00,16.133333333333333,15.266666666666667,7.2000003
2021-05-01 06:45:00+02:00,16.15,15.275,7.2250004
2021-05-01 06:50:00+02:00,16.166666666666664,15.283333333333333,7.25
2021-05-01 06:55:00+02:00,16.183333333333334,15.291666666666668,7.275
2021-05-01 07:00:00+02:00,16.2,15.3,7.3
2021-05-01 07:05:00+02:00,16.175,15.241666666666667,7.3333335
2021-05-01 07:10:00+02:00,16.15,15.183333333333334,7.366667
2021-05-01 07:15:00+02:00,16.125,15.125,7.4
2021-05-01 07:20:00+02:00,16.1,15.066666666666666,7.4333334
2021-05-01 07:25:00+02:00,16.075,15.008333333333333,7.4666667
2021-05-01 07:30:00+02:00,16.05,14.95,7.5
2021-05-01 07:35:00+02:00,16.025,14.891666666666667,7.5333333
2021-05-01 07:40:00+02:00,16.0,14.833333333333334,7.5666666
2021-05-01 07:45:00+02:00,15.975,14.775,7.6
2021-05-01 07:50:00+02:00,15.95,14.716666666666667,7.633333
2021-05-01 07:55:00+02:00,15.925,14.658333333333333,7.6666665
2021-05-01 08:00:00+02:00,15.9,14.6,7.7
2021-05-01 08:05:00+02:00,16.008333333333333,14.683333333333334,7.725
2021-05-01 08:10:00+02:00,16.116666666666667,14.766666666666666,7.75
2021-05-01 08:15:00+02:00,16.225,14.85,7.7749996
2021-05-01 08:20:00+02:00,16.333333333333332,14.933333333333334,7.7999997
2021-05-01 08:25:00+02:00,16.441666666666666,15.016666666666666,7.825
2021-05-01 08:30:00+02:00,16.55,15.1,7.85
2021-05-01 08:35:00+02:00,16.65833333333333,15.183333333333334,7.875
2021-05-01 08:40:00+02:00,16.766666666666666,15.266666666666666,7.9
2021-05-01 08:45:00+02:00,16.875,15.35,7.925
2021-05-01 08:50:00+02:00,16.983333333333334,15.433333333333334,7.95
2021-05-01 08:55:00+02:00,17.091666666666665,15.516666666666666,7.975
2021-05-01 09:00:00+02:00,17.2,15.6,8.0
2021-05-01 09:05:00+02:00,17.108333333333334,15.516666666666666,8.016666
2021-05-01 09:10:00+02:00,17.016666666666666,15.433333333333334,8.033333
2021-05-01 09:15:00+02:00,16.925,15.35,8.05
2021-05-01 09:20:00+02:00,16.833333333333332,15.266666666666666,8.066667
2021-05-01 09:25:00+02:00,16.741666666666667,15.183333333333334,8.083333
2021-05-01 09:30:00+02:00,16.65,15.1,8.1
2021-05-01 09:35:00+02:00,16.558333333333334,15.016666666666666,8.116667
2021-05-01 09:40:00+02:00,16.46666666666667,14.933333333333334,8.133333
2021-05-01 09:45:00+02:00,16.375,14.85,8.15
2021-05-01 09:50:00+02:00,16.283333333333335,14.766666666666666,8.166666
2021-05-01 09:55:00+02:00,16.191666666666666,14.683333333333334,8.183333
2021-05-01 10:00:00+02:00,16.1,14.6,8.2
2021-05-01 10:05:00+02:00,16.075000000000003,14.575,8.241667
2021-05-01 10:10:00+02:00,16.05,14.55,8.283333
2021-05-01 10:15:00+02:00,16.025000000000002,14.525,8.325
2021-05-01 10:20:00+02:00,16.0,14.5,8.366667
2021-05-01 10:25:00+02:00,15.975000000000001,14.475,8.408333
2021-05-01 10:30:00+02:00,15.950000000000001,14.45,8.45
2021-05-01 10:35:00+02:00,15.925,14.425,8.491667
2021-05-01 10:40:00+02:00,15.9,14.4,8.533333
2021-05-01 10:45:00+02:00,15.875,14.375,8.575
2021-05-01 10:50:00+02:00,15.850000000000001,14.350000000000001,8.616667
2021-05-01 10:55:00+02:00,15.825000000000001,14.325000000000001,8.658333
2021-05-01 11:00:00+02:00,15.8,14.3,8.7
2021-05-01 11:05:00+02:00,15.525,14.100000000000001,8.75
2021-05-01 11:10:00+02:00,15.25,13.9,8.8
2021-05-01 11:15:00+02:00,14.975000000000001,13.700000000000001,8.85
2021-05-01 11:20:00+02:00,14.700000000000001,13.5,8.9
2021-05-01 11:25:00+02:00,14.425,13.3,8.95
2021-05-01 11:30:00+02:00,14.15,13.100000000000001,9.0
2021-05-01 11:35:00+02:00,13.875,12.9,9.05
2021-05-01 11:40:00+02:00,13.6,12.700000000000001,9.1
2021-05-01 11:45:00+02:00,13.325,12.5,9.15
2021-05-01 11:50:00+02:00,13.05,12.3,9.2
2021-05-01 11:55:00+02:00,12.775,12.1,9.25
2021-05-01 12:00:00+02:00,12.5,11.9,9.3
2021-05-01 12:05:00+02:00,12.425,11.75,9.308333
2021-05-01 12:10:00+02:00,12.35,11.6,9.316667
2021-05-01 12:15:00+02:00,12.275,11.45,9.325
2021-05-01 12:20:00+02:00,12.2,11.3,9.333333
2021-05-01 12:25:00+02:00,12.125,11.15,9.341666
2021-05-01 12:30:00+02:00,12.05,11.0,9.35
2021-05-01 12:35:00+02:00,11.975,10.85,9.358334
2021-05-01 12:40:00+02:00,11.9,10.7,9.366667
2021-05-01 12:45:00+02:00,11.825,10.55,9.375
2021-05-01 12:50:00+02:00,11.75,10.4,9.383333
2021-05-01 12:55:00+02:00,11.674999999999999,10.25,9.391666
2021-05-01 13:00:00+02:00,11.6,10.1,9.4
2021-05-01 13:05:00+02:00,11.65,10.141666666666666,9.4
2021-05-01 13:10:00+02:00,11.7,10.183333333333334,9.4
2021-05-01 13:15:00+02:00,11.75,10.225,9.4
2021-05-01 13:20:00+02:00,11.799999999999999,10.266666666666666,9.4
2021-05-01 13:25:00+02:00,11.85,10.308333333333334,9.4
2021-05-01 13:30:00+02:00,11.899999999999999,10.35,9.4
2021-05-01 13:35:00+02:00,11.95,10.391666666666666,9.4
2021-05-01 13:40:00+02:00,12.0,10.433333333333334,9.4
2021-05-01 13:45:00+02:00,12.049999999999999,10.475,9.4
2021-05-01 13:50:00+02:00,12.1,10.516666666666666,9.4
2021-05-01 13:55:00+02:00,12.149999999999999,10.558333333333334,9.4
2021-05-01 14:00:00+02:00,12.2,10.6,9.4
2021-05-01 14:05:00+02:00,12.125,10.583333333333332,9.383333
2021-05-01 14:10:00+02:00,12.049999999999999,10.566666666666666,9.366667
2021-05-01 14:15:00+02:00,11.975,10.55,9.349999
2021-05-01 14:20:00+02:00,11.9,10.533333333333333,9.333333
2021-05-01 14:25:00+02:00,11.825,10.516666666666666,9.316667
2021-05-01 14:30:00+02:00,11.75,10.5,9.299999
2021-05-01 14:35:00+02:00,11.675,10.483333333333334,9.283333
2021-05-01 14:40:00+02:00,11.6,10.466666666666667,9.266666
2021-05-01 14:45:00+02:00,11.525,10.45,9.25
2021-05-01 14:50:00+02:00,11.450000000000001,10.433333333333334,9.233334
2021-05-01 14:55:00+02:00,11.375,10.416666666666668,9.216666
2021-05-01 15:00:00+02:00,11.3,10.4,9.2
2021-05-01 15:05:00+02:00,11.333333333333334,10.4,9.175
2021-05-01 15:10:00+02:00,11.366666666666667,10.4,9.15
2021-05-01 15:15:00+02:00,11.4,10.4,9.125
2021-05-01 15:20:00+02:00,11.433333333333334,10.4,9.099999
2021-05-01 15:25:00+02:00,11.466666666666667,10.4,9.075
2021-05-01 15:30:00+02:00,11.5,10.4,9.049999
2021-05-01 15:35:00+02:00,11.533333333333333,10.4,9.025
2021-05-01 15:40:00+02:00,11.566666666666666,10.4,9.0
2021-05-01 15:45:00+02:00,11.6,10.4,8.974999
2021-05-01 15:50:00+02:00,11.633333333333333,10.4,8.95
2021-05-01 15:55:00+02:00,11.666666666666666,10.4,8.924999
2021-05-01 16:00:00+02:00,11.7,10.4,8.9
2021-05-01 16:05:00+02:00,11.6,10.325000000000001,8.875
2021-05-01 16:10:00+02:00,11.5,10.25,8.849999
2021-05-01 16:15:00+02:00,11.399999999999999,10.175,8.825
2021-05-01 16:20:00+02:00,11.299999999999999,10.1,8.8
2021-05-01 16:25:00+02:00,11.2,10.025,8.775
2021-05-01 16:30:00+02:00,11.1,9.95,8.75
2021-05-01 16:35:00+02:00,11.0,9.875,8.725
2021-05-01 16:40:00+02:00,10.9,9.8,8.7
2021-05-01 16:45:00+02:00,10.8,9.725,8.675
2021-05-01 16:50:00+02:00,10.7,9.65,8.650001
2021-05-01 16:55:00+02:00,10.6,9.575,8.625
2021-05-01 17:00:00+02:00,10.5,9.5,8.6
2021-05-01 17:05:00+02:00,10.283333333333333,9.325,8.566667
2021-05-01 17:10:00+02:00,10.066666666666666,9.15,8.533334
2021-05-01 17:15:00+02:00,9.85,8.975,8.5
2021-05-01 17:20:00+02:00,9.633333333333333,8.8,8.466667
2021-05-01 17:25:00+02:00,9.416666666666666,8.625,8.433333
2021-05-01 17:30:00+02:00,9.2,8.45,8.4
2021-05-01 17:35:00+02:00,8.983333333333334,8.275,8.366667
2021-05-01 17:40:00+02:00,8.766666666666667,8.1,8.333333
2021-05-01 17:45:00+02:00,8.55,7.925000000000001,8.3
2021-05-01 17:50:00+02:00,8.333333333333334,7.75,8.266666
2021-05-01 17:55:00+02:00,8.116666666666667,7.575,8.233334
2021-05-01 18:00:00+02:00,7.9,7.4,8.2
2021-05-01 18:05:00+02:00,7.800000000000001,7.291666666666667,8.175
2021-05-01 18:10:00+02:00,7.7,7.183333333333334,8.15
2021-05-01 18:15:00+02:00,7.6000000000000005,7.075,8.125
2021-05-01 18:20:00+02:00,7.5,6.966666666666667,8.1
2021-05-01 18:25:00+02:00,7.4,6.858333333333333,8.075
2021-05-01 18:30:00+02:00,7.300000000000001,6.75,8.05
2021-05-01 18:35:00+02:00,7.2,6.641666666666667,8.025
2021-05-01 18:40:00+02:00,7.1000000000000005,6.533333333333333,8.0
2021-05-01 18:45:00+02:00,7.0,6.425,7.975
2021-05-01 18:50:00+02:00,6.9,6.316666666666666,7.95
2021-05-01 18:55:00+02:00,6.8,6.208333333333333,7.925
2021-05-01 19:00:00+02:00,6.7,6.1,7.9
2021-05-01 19:05:00+02:00,6.791666666666667,6.199999999999999,7.891667
2021-05-01 19:10:00+02:00,6.883333333333334,6.3,7.883333
2021-05-01 19:15:00+02:00,6.975,6.3999999999999995,7.875
2021-05-01 19:20:00+02:00,7.066666666666666,6.5,7.866667
2021-05-01 19:25:00+02:00,7.158333333333333,6.6,7.8583336
2021-05-01 19:30:00+02:00,7.25,6.699999999999999,7.8500004
2021-05-01 19:35:00+02:00,7.341666666666667,6.8,7.8416667
2021-05-01 19:40:00+02:00,7.433333333333334,6.8999999999999995,7.8333335
2021-05-01 19:45:00+02:00,7.525,7.0,7.8250003
2021-05-01 19:50:00+02:00,7.616666666666666,7.1,7.8166666
2021-05-01 19:55:00+02:00,7.708333333333333,7.2,7.8083334
2021-05-01 20:00:00+02:00,7.8,7.3,7.8
2021-05-01 20:05:00+02:00,7.958333333333333,7.433333333333334,7.8
2021-05-01 20:10:00+02:00,8.116666666666667,7.566666666666666,7.8
2021-05-01 20:15:00+02:00,8.275,7.7,7.8
2021-05-01 20:20:00+02:00,8.433333333333334,7.833333333333333,7.8
2021-05-01 20:25:00+02:00,8.591666666666667,7.966666666666667,7.8
2021-05-01 20:30:00+02:00,8.75,8.1,7.8
2021-05-01 20:35:00+02:00,8.908333333333333,8.233333333333334,7.8
2021-05-01 20:40:00+02:00,9.066666666666666,8.366666666666667,7.8
2021-05-01 20:45:00+02:00,9.225,8.5,7.8
2021-05-01 20:50:00+02:00,9.383333333333333,8.633333333333333,7.8
2021-05-01 20:55:00+02:00,9.541666666666666,8.766666666666667,7.8
2021-05-01 21:00:00+02:00,9.7,8.9,7.8
2021-05-01 21:05:00+02:00,9.549999999999999,8.75,7.766667
2021-05-01 21:10:00+02:00,9.399999999999999,8.6,7.7333336
2021-05-01 21:15:00+02:00,9.25,8.45,7.7000003
2021-05-01 21:20:00+02:00,9.1,8.3,7.666667
2021-05-01 21:25:00+02:00,8.95,8.15,7.6333337
2021-05-01 21:30:00+02:00,8.8,8.0,7.6000004
2021-05-01 21:35:00+02:00,8.65,7.85,7.5666666
2021-05-01 21:40:00+02:00,8.5,7.7,7.5333333
2021-05-01 21:45:00+02:00,8.35,7.55,7.5
2021-05-01 21:50:00+02:00,8.2,7.4,7.4666667
2021-05-01 21:55:00+02:00,8.05,7.25,7.4333334
2021-05-01 22:00:00+02:00,7.9,7.1,7.4
2021-05-01 22:05:00+02:00,7.541666666666667,6.783333333333333,7.3583336
2021-05-01 22:10:00+02:00,7.183333333333334,6.466666666666667,7.3166666
2021-05-01 22:15:00+02:00,6.825,6.1499999999999995,7.275
2021-05-01 22:20:00+02:00,6.466666666666667,5.833333333333333,7.2333336
2021-05-01 22:25:00+02:00,6.108333333333333,5.516666666666667,7.1916666
2021-05-01 22:30:00+02:00,5.75,5.199999999999999,7.15
2021-05-01 22:35:00+02:00,5.391666666666667,4.883333333333333,7.1083336
2021-05-01 22:40:00+02:00,5.033333333333333,4.566666666666666,7.0666666
2021-05-01 22:45:00+02:00,4.675,4.25,7.025
2021-05-01 22:50:00+02:00,4.316666666666666,3.933333333333333,6.9833336
2021-05-01 22:55:00+02:00,3.958333333333333,3.6166666666666663,6.9416666
2021-05-01 23:00:00+02:00,3.6,3.3,6.9
2021-05-01 23:05:00+02:00,3.466666666666667,3.1666666666666665,6.8416667
2021-05-01 23:10:00+02:00,3.3333333333333335,3.033333333333333,6.7833333
2021-05-01 23:15:00+02:00,3.2,2.9,6.725
2021-05-01 23:20:00+02:00,3.066666666666667,2.7666666666666666,6.6666665
2021-05-01 23:25:00+02:00,2.9333333333333336,2.6333333333333333,6.608333
2021-05-01 23:30:00+02:00,2.8,2.5,6.55
2021-05-01 23:35:00+02:00,2.666666666666667,2.3666666666666663,6.491667
2021-05-01 23:40:00+02:00,2.533333333333333,2.2333333333333334,6.4333334
2021-05-01 23:45:00+02:00,2.4000000000000004,2.0999999999999996,6.375
2021-05-01 23:50:00+02:00,2.2666666666666666,1.9666666666666666,6.3166666
2021-05-01 23:55:00+02:00,2.1333333333333337,1.8333333333333333,6.258333
2021-05-02 00:00:00+02:00,2.0,1.7,6.2
2021-05-02 00:05:00+02:00,1.95,1.6583333333333332,6.1749997
2021-05-02 00:10:00+02:00,1.9,1.6166666666666667,6.1499996
2021-05-02 00:15:00+02:00,1.85,1.575,6.125
2021-05-02 00:20:00+02:00,1.8,1.5333333333333332,6.1
2021-05-02 00:25:00+02:00,1.75,1.4916666666666667,6.075
2021-05-02 00:30:00+02:00,1.7,1.45,6.05
2021-05-02 00:35:00+02:00,1.65,1.4083333333333332,6.025
2021-05-02 00:40:00+02:00,1.5999999999999999,1.3666666666666667,6.0
2021-05-02 00:45:00+02:00,1.5499999999999998,1.325,5.975
2021-05-02 00:50:00+02:00,1.5,1.2833333333333332,5.95
2021-05-02 00:55:00+02:00,1.4499999999999997,1.2416666666666667,5.925
2021-05-02 01:00:00+02:00,1.4,1.2,5.9
2021-05-02 01:05:00+02:00,1.3499999999999999,1.15,5.883333
2021-05-02 01:10:00+02:00,1.2999999999999998,1.0999999999999999,5.866667
2021-05-02 01:15:00+02:00,1.25,1.05,5.85
2021-05-02 01:20:00+02:00,1.2,1.0,5.8333335
2021-05-02 01:25:00+02:00,1.15,0.95,5.8166666
2021-05-02 01:30:00+02:00,1.1,0.8999999999999999,5.8
2021-05-02 01:35:00+02:00,1.05,0.85,5.7833333
2021-05-02 01:40:00+02:00,1.0,0.8,5.7666664
2021-05-02 01:45:00+02:00,0.95,0.75,5.75
2021-05-02 01:50:00+02:00,0.9,0.7,5.733333
2021-05-02 01:55:00+02:00,0.8500000000000001,0.65,5.7166667
2021-05-02 02:00:00+02:00,0.8,0.6,5.7
2021-05-02 02:05:00+02:00,0.8083333333333333,0.6,5.7166667
2021-05-02 02:10:00+02:00,0.8166666666666667,0.6,5.733333
2021-05-02 02:15:00+02:00,0.8250000000000001,0.6,5.75
2021-05-02 02:20:00+02:00,0.8333333333333334,0.6,5.7666664
2021-05-02 02:25:00+02:00,0.8416666666666667,0.6,5.7833333
2021-05-02 02:30:00+02:00,0.8500000000000001,0.6,5.8
2021-05-02 02:35:00+02:00,0.8583333333333334,0.6,5.8166666
2021-05-02 02:40:00+02:00,0.8666666666666667,0.6,5.8333335
2021-05-02 02:45:00+02:00,0.875,0.6,5.85
2021-05-02 02:50:00+02:00,0.8833333333333333,0.6,5.866667
2021-05-02 02:55:00+02:00,0.8916666666666667,0.6,5.883333
2021-05-02 03:00:00+02:00,0.9,0.6,5.9
2021-05-02 03:05:00+02:00,0.9,0.6083333333333333,5.916667
2021-05-02 03:10:00+02:00,0.9,0.6166666666666667,5.9333334
2021-05-02 03:15:00+02:00,0.9,0.625,5.95
2021-05-02 03:20:00+02:00,0.9,0.6333333333333333,5.9666667
2021-05-02 03:25:00+02:00,0.9,0.6416666666666666,5.9833336
2021-05-02 03:30:00+02:00,0.9,0.6499999999999999,6.0
2021-05-02 03:35:00+02:00,0.9,0.6583333333333333,6.0166664
2021-05-02 03:40:00+02:00,0.9,0.6666666666666666,6.0333333
2021-05-02 03:45:00+02:00,0.9,0.6749999999999999,6.05
2021-05-02 03:50:00+02:00,0.9,0.6833333333333333,6.0666666
2021-05-02 03:55:00+02:00,0.9,0.6916666666666667,6.083333
2021-05-02 04:00:00+02:00,0.9,0.7,6.1
2021-05-02 04:05:00+02:00,0.925,0.725,6.0916667
2021-05-02 04:10:00+02:00,0.95,0.75,6.083333
2021-05-02 04:15:00+02:00,0.975,0.7749999999999999,6.075
2021-05-02 04:20:00+02:00,1.0,0.7999999999999999,6.0666666
2021-05-02 04:25:00+02:00,1.025,0.825,6.0583334
2021-05-02 04:30:00+02:00,1.05,0.85,6.05
2021-05-02 04:35:00+02:00,1.075,0.875,6.0416665
2021-05-02 04:40:00+02:00,1.1,0.9,6.0333333
2021-05-02 04:45:00+02:00,1.125,0.925,6.025
2021-05-02 04:50:00+02:00,1.15,0.95,6.0166664
2021-05-02 04:55:00+02:00,1.1749999999999998,0.9750000000000001,6.008333
2021-05-02 05:00:00+02:00,1.2,1.0,6.0
2021-05-02 05:05:00+02:00,1.3083333333333333,1.0916666666666668,6.008333
2021-05-02 05:10:00+02:00,1.4166666666666665,1.1833333333333333,6.0166664
2021-05-02 05:15:00+02:00,1.525,1.275,6.025
2021-05-02 05:20:00+02:00,1.6333333333333333,1.3666666666666667,6.0333333
2021-05-02 05:25:00+02:00,1.7416666666666667,1.4583333333333335,6.0416665
2021-05-02 05:30:00+02:00,1.85,1.55,6.05
2021-05-02 05:35:00+02:00,1.9583333333333333,1.6416666666666666,6.0583334
2021-05-02 05:40:00+02:00,2.0666666666666664,1.7333333333333334,6.0666666
2021-05-02 05:45:00+02:00,2.175,1.8250000000000002,6.075
2021-05-02 05:50:00+02:00,2.283333333333333,1.9166666666666667,6.083333
2021-05-02 05:55:00+02:00,2.3916666666666666,2.0083333333333333,6.0916667
2021-05-02 06:00:00+02:00,2.5,2.1,6.1
2021-05-02 06:05:00+02:00,2.658333333333333,2.2666666666666666,6.108333
2021-05-02 06:10:00+02:00,2.816666666666667,2.4333333333333336,6.116667
2021-05-02 06:15:00+02:00,2.975,2.6,6.125
2021-05-02 06:20:00+02:00,3.1333333333333333,2.7666666666666666,6.133333
2021-05-02 06:25:00+02:00,3.291666666666667,2.933333333333333,6.1416664
2021-05-02 06:30:00+02:00,3.45,3.0999999999999996,6.1499996
2021-05-02 06:35:00+02:00,3.6083333333333334,3.2666666666666666,6.1583333
2021-05-02 06:40:00+02:00,3.7666666666666666,3.433333333333333,6.1666665
2021-05-02 06:45:00+02:00,3.9250000000000003,3.5999999999999996,6.1749997
2021-05-02 06:50:00+02:00,4.083333333333334,3.7666666666666666,6.1833334
2021-05-02 06:55:00+02:00,4.241666666666667,3.933333333333333,6.1916666
2021-05-02 07:00:00+02:00,4.4,4.1,6.2
2021-05-02 07:05:00+02:00,4.525,4.216666666666667,6.208333
2021-05-02 07:10:00+02:00,4.65,4.333333333333333,6.2166667
2021-05-02 07:15:00+02:00,4.775,4.449999999999999,6.225
2021-05-02 07:20:00+02:00,4.9,4.566666666666666,6.233333
2021-05-02 07:25:00+02:00,5.025,4.683333333333334,6.241667
2021-05-02 07:30:00+02:00,5.15,4.8,6.25
2021-05-02 07:35:00+02:00,5.275,4.916666666666666,6.258333
2021-05-02 07:40:00+02:00,5.4,5.033333333333333,6.266667
2021-05-02 07:45:00+02:00,5.525,5.15,6.275
2021-05-02 07:50:00+02:00,5.65,5.266666666666667,6.2833333
2021-05-02 07:55:00+02:00,5.775,5.383333333333333,6.291667
2021-05-02 08:00:00+02:00,5.9,5.5,6.3
2021-05-02 08:05:00+02:00,5.808333333333334,5.425,6.3250003
2021-05-02 08:10:00+02:00,5.716666666666667,5.35,6.3500004
2021-05-02 08:15:00+02:00,5.625,5.275,6.375
2021-05-02 08:20:00+02:00,5.533333333333333,5.2,6.4
2021-05-02 08:25:00+02:00,5.441666666666666,5.125,6.425
2021-05-02 08:30:00+02:00,5.35,5.05,6.45
2021-05-02 08:35:00+02:00,5.258333333333333,4.975,6.475
2021-05-02 08:40:00+02:00,5.166666666666667,4.8999999999999995,6.5
2021-05-02 08:45:00+02:00,5.075,4.824999999999999,6.525
2021-05-02 08:50:00+02:00,4.983333333333333,4.75,6.55
2021-05-02 08:55:00+02:00,4.891666666666667,4.675,6.575
2021-05-02 09:00:00+02:00,4.8,4.6,6.6
2021-05-02 09:05:00+02:00,4.8,4.566666666666666,6.65
2021-05-02 09:10:00+02:00,4.8,4.533333333333333,6.7
2021-05-02 09:15:00+02:00,4.8,4.5,6.75
2021-05-02 09:20:00+02:00,4.8,4.466666666666667,6.7999997
2021-05-02 09:25:00+02:00,4.8,4.433333333333334,6.85
2021-05-02 09:30:00+02:00,4.8,4.4,6.8999996
2021-05-02 09:35:00+02:00,4.8,4.366666666666666,6.95
2021-05-02 09:40:00+02:00,4.8,4.333333333333333,7.0
2021-05-02 09:45:00+02:00,4.8,4.3,7.0499997
2021-05-02 09:50:00+02:00,4.8,4.266666666666667,7.1
2021-05-02 09:55:00+02:00,4.8,4.233333333333333,7.1499996
2021-05-02 10:00:00+02:00,4.8,4.2,7.2
2021-05-02 10:05:00+02:00,4.8999999999999995,4.291666666666667,7.258333
2021-05-02 10:10:00+02:00,5.0,4.383333333333334,7.3166666
2021-05-02 10:15:00+02:00,5.1,4.475,7.375
2021-05-02 10:20:00+02:00,5.2,4.566666666666666,7.4333334
2021-05-02 10:25:00+02:00,5.3,4.658333333333333,7.491667
2021-05-02 10:30:00+02:00,5.4,4.75,7.55
2021-05-02 10:35:00+02:00,5.5,4.841666666666667,7.608333
2021-05-02 10:40:00+02:00,5.6,4.933333333333334,7.6666665
2021-05-02 10:45:00+02:00,5.7,5.025,7.725
2021-05-02 10:50:00+02:00,5.8,5.116666666666666,7.7833333
2021-05-02 10:55:00+02:00,5.9,5.208333333333333,7.8416667
2021-05-02 11:00:00+02:00,6.0,5.3,7.9
2021-05-02 11:05:00+02:00,6.116666666666667,5.3999999999999995,8.008333
2021-05-02 11:10:00+02:00,6.233333333333333,5.5,8.116667
2021-05-02 11:15:00+02:00,6.35,5.6,8.225
2021-05-02 11:20:00+02:00,6.466666666666667,5.7,8.333333
2021-05-02 11:25:00+02:00,6.583333333333334,5.8,8.441667
2021-05-02 11:30:00+02:00,6.7,5.9,8.55
2021-05-02 11:35:00+02:00,6.816666666666666,6.0,8.658333
2021-05-02 11:40:00+02:00,6.933333333333334,6.1,8.766666
2021-05-02 11:45:00+02:00,7.050000000000001,6.2,8.875
2021-05-02 11:50:00+02:00,7.166666666666667,6.3,8.983334
2021-05-02 11:55:00+02:00,7.283333333333333,6.4,9.091666
2021-05-02 12:00:00+02:00,7.4,6.5,9.2
2021-05-02 12:05:00+02:00,7.5,6.608333333333333,9.158333
2021-05-02 12:10:00+02:00,7.6000000000000005,6.716666666666667,9.116667
2021-05-02 12:15:00+02:00,7.7,6.825,9.075
2021-05-02 12:20:00+02:00,7.8,6.933333333333334,9.033333
2021-05-02 12:25:00+02:00,7.9,7.041666666666667,8.991667
2021-05-02 12:30:00+02:00,8.0,7.15,8.95
2021-05-02 12:35:00+02:00,8.1,7.258333333333333,8.908333
2021-05-02 12:40:00+02:00,8.2,7.366666666666666,8.866667
2021-05-02 12:45:00+02:00,8.3,7.475,8.825
2021-05-02 12:50:00+02:00,8.4,7.583333333333333,8.783333
2021-05-02 12:55:00+02:00,8.5,7.691666666666666,8.741667
2021-05-02 13:00:00+02:00,8.6,7.8,8.7
2021-05-02 13:05:00+02:00,8.691666666666666,7.8,8.658333
2021-05-02 13:10:00+02:00,8.783333333333333,7.8,8.616667
2021-05-02 13:15:00+02:00,8.875,7.8,8.575
2021-05-02 13:20:00+02:00,8.966666666666667,7.8,8.533333
2021-05-02 13:25:00+02:00,9.058333333333334,7.8,8.491667
2021-05-02 13:30:00+02:00,9.149999999999999,7.8,8.45
2021-05-02 13:35:00+02:00,9.241666666666665,7.8,8.408333
2021-05-02 13:40:00+02:00,9.333333333333332,7.8,8.366667
2021-05-02 13:45:00+02:00,9.424999999999999,7.8,8.325
2021-05-02 13:50:00+02:00,9.516666666666666,7.8,8.283333
2021-05-02 13:55:00+02:00,9.608333333333333,7.8,8.241667
2021-05-02 14:00:00+02:00,9.7,7.8,8.2
2021-05-02 14:05:00+02:00,9.516666666666666,7.716666666666667,8.241667
2021-05-02 14:10:00+02:00,9.333333333333332,7.633333333333333,8.283333
2021-05-02 14:15:00+02:00,9.149999999999999,7.55,8.325
2021-05-02 14:20:00+02:00,8.966666666666667,7.466666666666667,8.366667
2021-05-02 14:25:00+02:00,8.783333333333333,7.383333333333333,8.408333
2021-05-02 14:30:00+02:00,8.6,7.3,8.45
2021-05-02 14:35:00+02:00,8.416666666666666,7.216666666666667,8.491667
2021-05-02 14:40:00+02:00,8.233333333333333,7.133333333333333,8.533333
2021-05-02 14:45:00+02:00,8.05,7.05,8.575
2021-05-02 14:50:00+02:00,7.866666666666667,6.966666666666667,8.616667
2021-05-02 14:55:00+02:00,7.683333333333334,6.883333333333333,8.658333
2021-05-02 15:00:00+02:00,7.5,6.8,8.7
2021-05-02 15:05:00+02:00,7.625,6.816666666666666,8.708333
2021-05-02 15:10:00+02:00,7.75,6.833333333333333,8.716666
2021-05-02 15:15:00+02:00,7.875,6.85,8.725
2021-05-02 15:20:00+02:00,8.0,6.866666666666666,8.733334
2021-05-02 15:25:00+02:00,8.125,6.883333333333333,8.741667
2021-05-02 15:30:00+02:00,8.25,6.9,8.75
2021-05-02 15:35:00+02:00,8.375,6.916666666666667,8.758333
2021-05-02 15:40:00+02:00,8.5,6.933333333333334,8.766666
2021-05-02 15:45:00+02:00,8.625,6.95,8.775
2021-05-02 15:50:00+02:00,8.75,6.966666666666667,8.783334
2021-05-02 15:55:00+02:00,8.875,6.983333333333333,8.791667
2021-05-02 16:00:00+02:00,9.0,7.0,8.8
2021-05-02 16:05:00+02:00,9.008333333333333,7.066666666666666,8.783334
2021-05-02 16:10:00+02:00,9.016666666666666,7.133333333333333,8.766666
2021-05-02 16:15:00+02:00,9.025,7.2,8.75
2021-05-02 16:20:00+02:00,9.033333333333333,7.266666666666667,8.733334
2021-05-02 16:25:00+02:00,9.041666666666666,7.333333333333333,8.716667
2021-05-02 16:30:00+02:00,9.05,7.4,8.700001
2021-05-02 16:35:00+02:00,9.058333333333334,7.466666666666667,8.683333
2021-05-02 16:40:00+02:00,9.066666666666666,7.533333333333333,8.666667
2021-05-02 16:45:00+02:00,9.075,7.6,8.650001
2021-05-02 16:50:00+02:00,9.083333333333332,7.666666666666666,8.633333
2021-05-02 16:55:00+02:00,9.091666666666667,7.733333333333333,8.616667
2021-05-02 17:00:00+02:00,9.1,7.8,8.6
2021-05-02 17:05:00+02:00,9.125,7.785416666666666,8.541667
2021-05-02 17:10:00+02:00,9.149999999999999,7.770833333333333,8.483334
2021-05-02 17:15:00+02:00,9.174999999999999,7.75625,8.425
2021-05-02 17:20:00+02:00,9.2,7.741666666666666,8.366667
2021-05-02 17:25:00+02:00,9.225,7.727083333333333,8.308333
2021-05-02 17:30:00+02:00,9.25,7.7125,8.25
2021-05-02 17:35:00+02:00,9.274999999999999,7.697916666666667,8.191667
2021-05-02 17:40:00+02:00,9.299999999999999,7.683333333333334,8.133333
2021-05-02 17:45:00+02:00,9.325,7.66875,8.075
2021-05-02 17:50:00+02:00,9.349999999999998,7.654166666666667,8.016666
2021-05-02 17:55:00+02:00,9.374999999999998,7.639583333333333,7.9583335
2021-05-02 18:00:00+02:00,9.399999999999999,7.625,7.9
2021-05-02 18:05:00+02:00,9.424999999999999,7.610416666666667,7.866667
2021-05-02 18:10:00+02:00,9.45,7.595833333333333,7.8333335
2021-05-02 18:15:00+02:00,9.474999999999998,7.58125,7.8
2021-05-02 18:20:00+02:00,9.499999999999998,7.566666666666666,7.766667
2021-05-02 18:25:00+02:00,9.524999999999999,7.552083333333333,7.7333336
2021-05-02 18:30:00+02:00,9.549999999999999,7.5375,7.7
2021-05-02 18:35:00+02:00,9.575,7.522916666666666,7.6666665
2021-05-02 18:40:00+02:00,9.6,7.508333333333333,7.633333
2021-05-02 18:45:00+02:00,9.625,7.4937499999999995,7.6
2021-05-02 18:50:00+02:00,9.649999999999999,7.479166666666666,7.5666666
2021-05-02 18:55:00+02:00,9.674999999999999,7.464583333333333,7.5333333
2021-05-02 19:00:00+02:00,9.7,7.449999999999999,7.5
2021-05-02 19:05:00+02:00,9.620833333333334,7.435416666666666,7.4333334
2021-05-02 19:10:00+02:00,9.541666666666666,7.4208333333333325,7.366667
2021-05-02 19:15:00+02:00,9.462499999999999,7.406249999999999,7.3
2021-05-02 19:20:00+02:00,9.383333333333333,7.391666666666666,7.233333
2021-05-02 19:25:00+02:00,9.304166666666667,7.377083333333332,7.1666665
2021-05-02 19:30:00+02:00,9.225,7.362499999999999,7.1
2021-05-02 19:35:00+02:00,9.145833333333332,7.347916666666666,7.0333333
2021-05-02 19:40:00+02:00,9.066666666666666,7.333333333333333,6.9666667
2021-05-02 19:45:00+02:00,8.9875,7.31875,6.8999996
2021-05-02 19:50:00+02:00,8.908333333333333,7.304166666666666,6.833333
2021-05-02 19:55:00+02:00,8.829166666666666,7.289583333333333,6.7666664
2021-05-02 20:00:00+02:00,8.75,7.2749999999999995,6.7
2021-05-02 20:05:00+02:00,8.670833333333333,7.260416666666666,6.708333
2021-05-02 20:10:00+02:00,8.591666666666667,7.245833333333333,6.7166667
2021-05-02 20:15:00+02:00,8.5125,7.231249999999999,6.725
2021-05-02 20:20:00+02:00,8.433333333333334,7.216666666666666,6.733333
2021-05-02 20:25:00+02:00,8.354166666666666,7.2020833333333325,6.741667
2021-05-02 20:30:00+02:00,8.275,7.1875,6.75
2021-05-02 20:35:00+02:00,8.195833333333333,7.172916666666667,6.758333
2021-05-02 20:40:00+02:00,8.116666666666667,7.158333333333333,6.766667
2021-05-02 20:45:00+02:00,8.0375,7.14375,6.775
2021-05-02 20:50:00+02:00,7.958333333333333,7.129166666666666,6.7833333
2021-05-02 20:55:00+02:00,7.879166666666666,7.114583333333333,6.791667
2021-05-02 21:00:00+02:00,7.8,7.1,6.8
2021-05-02 21:05:00+02:00,7.758333333333333,7.083333333333333,6.7833333
2021-05-02 21:10:00+02:00,7.716666666666667,7.066666666666666,6.766667
2021-05-02 21:15:00+02:00,7.675,7.05,6.75
2021-05-02 21:20:00+02:00,7.633333333333333,7.033333333333333,6.7333336
2021-05-02 21:25:00+02:00,7.591666666666667,7.016666666666667,6.7166667
2021-05-02 21:30:00+02:00,7.55,7.0,6.7
2021-05-02 21:35:00+02:00,7.508333333333333,6.983333333333333,6.6833334
2021-05-02 21:40:00+02:00,7.466666666666667,6.966666666666667,6.6666665
2021-05-02 21:45:00+02:00,7.425,6.95,6.65
2021-05-02 21:50:00+02:00,7.383333333333333,6.933333333333334,6.633333
2021-05-02 21:55:00+02:00,7.341666666666667,6.916666666666667,6.616667
2021-05-02 22:00:00+02:00,7.3,6.9,6.6
2021-05-02 22:05:00+02:00,7.316666666666666,6.916666666666667,6.608333
2021-05-02 22:10:00+02:00,7.333333333333333,6.933333333333334,6.616667
2021-05-02 22:15:00+02:00,7.35,6.95,6.625
2021-05-02 22:20:00+02:00,7.366666666666666,6.966666666666667,6.633333
2021-05-02 22:25:00+02:00,7.383333333333333,6.983333333333333,6.6416664
2021-05-02 22:30:00+02:00,7.4,7.0,6.6499996
2021-05-02 22:35:00+02:00,7.416666666666667,7.016666666666667,6.6583333
2021-05-02 22:40:00+02:00,7.433333333333334,7.033333333333333,6.6666665
2021-05-02 22:45:00+02:00,7.45,7.05,6.6749997
2021-05-02 22:50:00+02:00,7.466666666666667,7.066666666666666,6.6833334
2021-05-02 22:55:00+02:00,7.483333333333333,7.083333333333333,6.6916666
2021-05-02 23:00:00+02:00,7.5,7.1,6.7
2021-05-02 23:05:00+02:00,7.491666666666667,7.083333333333333,6.6916666
2021-05-02 23:10:00+02:00,7.483333333333333,7.066666666666666,6.6833334
2021-05-02 23:15:00+02:00,7.475,7.05,6.6749997
2021-05-02 23:20:00+02:00,7.466666666666667,7.033333333333333,6.6666665
2021-05-02 23:25:00+02:00,7.458333333333334,7.016666666666667,6.6583333
2021-05-02 23:30:00+02:00,7.45,7.0,6.6499996
2021-05-02 23:35:00+02:00,7.441666666666666,6.983333333333333,6.6416664
2021-05-02 23:40:00+02:00,7.433333333333334,6.966666666666667,6.633333
2021-05-02 23:45:00+02:00,7.425000000000001,6.95,6.625
2021-05-02 23:50:00+02:00,7.416666666666667,6.933333333333334,6.616667
2021-05-02 23:55:00+02:00,7.408333333333333,6.916666666666667,6.608333
2021-05-03 00:00:00+02:00,7.4,6.9,6.6
2021-05-03 00:05:00+02:00,7.45,6.933333333333334,6.6
2021-05-03 00:10:00+02:00,7.5,6.966666666666667,6.6
2021-05-03 00:15:00+02:00,7.550000000000001,7.0,6.6
2021-05-03 00:20:00+02:00,7.6000000000000005,7.033333333333333,6.6
2021-05-03 00:25:00+02:00,7.65,7.066666666666666,6.6
2021-05-03 00:30:00+02:00,7.7,7.1,6.6
2021-05-03 00:35:00+02:00,7.75,7.133333333333334,6.6
2021-05-03 00:40:00+02:00,7.8,7.166666666666667,6.6
2021-05-03 00:45:00+02:00,7.85,7.2,6.6
2021-05-03 00:50:00+02:00,7.9,7.233333333333333,6.6
2021-05-03 00:55:00+02:00,7.95,7.266666666666667,6.6
2021-05-03 01:00:00+02:00,8.0,7.3,6.6
2021-05-03 01:05:00+02:00,8.0,7.291666666666666,6.6
2021-05-03 01:10:00+02:00,8.0,7.283333333333333,6.6
2021-05-03 01:15:00+02:00,8.0,7.275,6.6
2021-05-03 01:20:00+02:00,8.0,7.266666666666667,6.6
2021-05-03 01:25:00+02:00,8.0,7.258333333333333,6.6
2021-05-03 01:30:00+02:00,8.0,7.25,6.6
2021-05-03 01:35:00+02:00,8.0,7.241666666666667,6.6
2021-05-03 01:40:00+02:00,8.0,7.233333333333333,6.6
2021-05-03 01:45:00+02:00,8.0,7.225,6.6
2021-05-03 01:50:00+02:00,8.0,7.216666666666667,6.6
2021-05-03 01:55:00+02:00,8.0,7.208333333333334,6.6
2021-05-03 02:00:00+02:00,8.0,7.2,6.6
2021-05-03 02:05:00+02:00,7.975,7.183333333333334,6.5666666
2021-05-03 02:10:00+02:00,7.95,7.166666666666667,6.5333333
2021-05-03 02:15:00+02:00,7.925,7.15,6.5
2021-05-03 02:20:00+02:00,7.9,7.133333333333334,6.4666667
2021-05-03 02:25:00+02:00,7.875,7.116666666666667,6.4333334
2021-05-03 02:30:00+02:00,7.85,7.1,6.3999996
2021-05-03 02:35:00+02:00,7.825,7.083333333333333,6.3666663
2021-05-03 02:40:00+02:00,7.8,7.066666666666666,6.333333
2021-05-03 02:45:00+02:00,7.775,7.05,6.2999997
2021-05-03 02:50:00+02:00,7.75,7.033333333333333,6.2666664
2021-05-03 02:55:00+02:00,7.7250000000000005,7.016666666666667,6.233333
2021-05-03 03:00:00+02:00,7.7,7.0,6.2
2021-05-03 03:05:00+02:00,7.8500000000000005,7.133333333333333,6.1499996
2021-05-03 03:10:00+02:00,8.0,7.266666666666667,6.1
2021-05-03 03:15:00+02:00,8.15,7.4,6.0499997
2021-05-03 03:20:00+02:00,8.3,7.533333333333333,6.0
2021-05-03 03:25:00+02:00,8.45,7.666666666666666,5.95
2021-05-03 03:30:00+02:00,8.6,7.8,5.8999996
2021-05-03 03:35:00+02:00,8.75,7.933333333333334,5.85
2021-05-03 03:40:00+02:00,8.9,8.066666666666666,5.7999997
2021-05-03 03:45:00+02:00,9.05,8.2,5.75
2021-05-03 03:50:00+02:00,9.2,8.333333333333332,5.7
2021-05-03 03:55:00+02:00,9.35,8.466666666666667,5.65
2021-05-03 04:00:00+02:00,9.5,8.6,5.6
2021-05-03 04:05:00+02:00,9.55,8.625,5.5416665
2021-05-03 04:10:00+02:00,9.6,8.65,5.483333
2021-05-03 04:15:00+02:00,9.65,8.675,5.425
2021-05-03 04:20:00+02:00,9.7,8.7,5.366667
2021-05-03 04:25:00+02:00,9.75,8.725,5.3083334
2021-05-03 04:30:00+02:00,9.8,8.75,5.25
2021-05-03 04:35:00+02:00,9.85,8.775,5.1916666
2021-05-03 04:40:00+02:00,9.9,8.8,5.133333
2021-05-03 04:45:00+02:00,9.95,8.825,5.075
2021-05-03 04:50:00+02:00,10.0,8.85,5.016667
2021-05-03 04:55:00+02:00,10.049999999999999,8.875,4.9583335
2021-05-03 05:00:00+02:00,10.1,8.9,4.9
2021-05-03 05:05:00+02:00,10.25,9.025,4.85
2021-05-03 05:10:00+02:00,10.4,9.15,4.8
2021-05-03 05:15:00+02:00,10.55,9.275,4.75
2021-05-03 05:20:00+02:00,10.7,9.4,4.7000003
2021-05-03 05:25:00+02:00,10.85,9.525,4.65
2021-05-03 05:30:00+02:00,11.0,9.65,4.6000004
2021-05-03 05:35:00+02:00,11.15,9.775,4.55
2021-05-03 05:40:00+02:00,11.3,9.9,4.5
2021-05-03 05:45:00+02:00,11.45,10.025,4.4500003
2021-05-03 05:50:00+02:00,11.6,10.15,4.4
2021-05-03 05:55:00+02:00,11.75,10.275,4.3500004
2021-05-03 06:00:00+02:00,11.9,10.4,4.3
2021-05-03 06:05:00+02:00,12.35,10.541666666666668,4.3500004
2021-05-03 06:10:00+02:00,12.8,10.683333333333334,4.4
2021-05-03 06:15:00+02:00,13.25,10.825,4.4500003
2021-05-03 06:20:00+02:00,13.700000000000001,10.966666666666667,4.5
2021-05-03 06:25:00+02:00,14.15,11.108333333333334,4.55
2021-05-03 06:30:00+02:00,14.600000000000001,11.25,4.6000004
2021-05-03 06:35:00+02:00,15.05,11.391666666666666,4.65
2021-05-03 06:40:00+02:00,15.5,11.533333333333333,4.7000003
2021-05-03 06:45:00+02:00,15.95,11.675,4.75
2021-05-03 06:50:00+02:00,16.4,11.816666666666666,4.8
2021-05-03 06:55:00+02:00,16.85,11.958333333333332,4.85
2021-05-03 07:00:00+02:00,17.3,12.1,4.9
2021-05-03 07:05:00+02:00,17.258333333333333,12.058333333333334,5.05
2021-05-03 07:10:00+02:00,17.21666666666667,12.016666666666666,5.2
2021-05-03 07:15:00+02:00,17.175,11.975,5.35
2021-05-03 07:20:00+02:00,17.133333333333333,11.933333333333334,5.5
2021-05-03 07:25:00+02:00,17.09166666666667,11.891666666666666,5.65
2021-05-03 07:30:00+02:00,17.05,11.85,5.8
2021-05-03 07:35:00+02:00,17.008333333333333,11.808333333333334,5.95
2021-05-03 07:40:00+02:00,16.96666666666667,11.766666666666666,6.1
2021-05-03 07:45:00+02:00,16.925,11.725,6.25
2021-05-03 07:50:00+02:00,16.883333333333333,11.683333333333334,6.3999996
2021-05-03 07:55:00+02:00,16.84166666666667,11.641666666666666,6.5499997
2021-05-03 08:00:00+02:00,16.8,11.6,6.7
2021-05-03 08:05:00+02:00,16.741666666666667,11.566666666666666,6.883333
2021-05-03 08:10:00+02:00,16.683333333333334,11.533333333333333,7.0666666
2021-05-03 08:15:00+02:00,16.625,11.5,7.25
2021-05-03 08:20:00+02:00,16.566666666666666,11.466666666666667,7.433333
2021-05-03 08:25:00+02:00,16.508333333333333,11.433333333333334,7.6166663
2021-05-03 08:30:00+02:00,16.450000000000003,11.399999999999999,7.7999997
2021-05-03 08:35:00+02:00,16.39166666666667,11.366666666666665,7.983333
2021-05-03 08:40:00+02:00,16.333333333333336,11.333333333333332,8.166666
2021-05-03 08:45:00+02:00,16.275000000000002,11.299999999999999,8.349999
2021-05-03 08:50:00+02:00,16.21666666666667,11.266666666666666,8.533333
2021-05-03 08:55:00+02:00,16.158333333333335,11.233333333333333,8.716666
2021-05-03 09:00:00+02:00,16.1,11.2,8.9
2021-05-03 09:05:00+02:00,15.891666666666667,11.141666666666666,8.95
2021-05-03 09:10:00+02:00,15.683333333333334,11.083333333333332,9.0
2021-05-03 09:15:00+02:00,15.475000000000001,11.024999999999999,9.049999
2021-05-03 09:20:00+02:00,15.266666666666667,10.966666666666667,9.099999
2021-05-03 09:25:00+02:00,15.058333333333334,10.908333333333333,9.15
2021-05-03 09:30:00+02:00,14.850000000000001,10.85,9.2
2021-05-03 09:35:00+02:00,14.641666666666667,10.791666666666666,9.25
2021-05-03 09:40:00+02:00,14.433333333333334,10.733333333333333,9.3
2021-05-03 09:45:00+02:00,14.225,10.675,9.35
2021-05-03 09:50:00+02:00,14.016666666666666,10.616666666666667,9.4
2021-05-03 09:55:00+02:00,13.808333333333334,10.558333333333334,9.45
2021-05-03 10:00:00+02:00,13.6,10.5,9.5
2021-05-03 10:05:00+02:00,13.341666666666667,10.316666666666666,9.683333
2021-05-03 10:10:00+02:00,13.083333333333332,10.133333333333333,9.866667
2021-05-03 10:15:00+02:00,12.825,9.95,10.05
2021-05-03 10:20:00+02:00,12.566666666666666,9.766666666666667,10.233334
2021-05-03 10:25:00+02:00,12.308333333333334,9.583333333333334,10.416667
2021-05-03 10:30:00+02:00,12.05,9.4,10.6
2021-05-03 10:35:00+02:00,11.791666666666666,9.216666666666667,10.783333
2021-05-03 10:40:00+02:00,11.533333333333333,9.033333333333333,10.966666
2021-05-03 10:45:00+02:00,11.275,8.850000000000001,11.15
2021-05-03 10:50:00+02:00,11.016666666666666,8.666666666666668,11.333333
2021-05-03 10:55:00+02:00,10.758333333333333,8.483333333333334,11.516666
2021-05-03 11:00:00+02:00,10.5,8.3,11.7
2021-05-03 11:05:00+02:00,10.358333333333334,8.191666666666666,11.75
2021-05-03 11:10:00+02:00,10.216666666666667,8.083333333333334,11.8
2021-05-03 11:15:00+02:00,10.075,7.9750000000000005,11.85
2021-05-03 11:20:00+02:00,9.933333333333334,7.866666666666667,11.9
2021-05-03 11:25:00+02:00,9.791666666666668,7.758333333333334,11.95
2021-05-03 11:30:00+02:00,9.65,7.65,12.0
2021-05-03 11:35:00+02:00,9.508333333333333,7.541666666666667,12.05
2021-05-03 11:40:00+02:00,9.366666666666667,7.433333333333334,12.1
2021-05-03 11:45:00+02:00,9.225000000000001,7.325,12.15
2021-05-03 11:50:00+02:00,9.083333333333334,7.216666666666667,12.2
2021-05-03 11:55:00+02:00,8.941666666666666,7.108333333333333,12.25
2021-05-03 12:00:00+02:00,8.8,7.0,12.3
2021-05-03 12:05:00+02:00,8.700000000000001,6.925,12.341667
2021-05-03 12:10:00+02:00,8.600000000000001,6.85,12.383333
2021-05-03 12:15:00+02:00,8.5,6.775,12.425
2021-05-03 12:20:00+02:00,8.4,6.7,12.466667
2021-05-03 12:25:00+02:00,8.3,6.625,12.508333
2021-05-03 12:30:00+02:00,8.2,6.55,12.55
2021-05-03 12:35:00+02:00,8.1,6.475,12.591667
2021-05-03 12:40:00+02:00,8.0,6.3999999999999995,12.633333
2021-05-03 12:45:00+02:00,7.9,6.324999999999999,12.675
2021-05-03 12:50:00+02:00,7.8,6.25,12.716667
2021-05-03 12:55:00+02:00,7.699999999999999,6.175,12.758333
2021-05-03 13:00:00+02:00,7.6,6.1,12.8
2021-05-03 13:05:00+02:00,7.641666666666667,6.091666666666667,12.883333
2021-05-03 13:10:00+02:00,7.683333333333333,6.083333333333333,12.966667
2021-05-03 13:15:00+02:00,7.725,6.074999999999999,13.05
2021-05-03 13:20:00+02:00,7.766666666666667,6.066666666666666,13.133333
2021-05-03 13:25:00+02:00,7.808333333333333,6.058333333333334,13.216667
2021-05-03 13:30:00+02:00,7.85,6.05,13.3
2021-05-03 13:35:00+02:00,7.891666666666667,6.041666666666666,13.383333
2021-05-03 13:40:00+02:00,7.933333333333333,6.033333333333333,13.466667
2021-05-03 13:45:00+02:00,7.975,6.025,13.55
2021-05-03 13:50:00+02:00,8.016666666666666,6.016666666666667,13.633333
2021-05-03 13:55:00+02:00,8.058333333333334,6.008333333333333,13.716667
2021-05-03 14:00:00+02:00,8.1,6.0,13.8
2021-05-03 14:05:00+02:00,8.2,6.0,13.841667
2021-05-03 14:10:00+02:00,8.3,6.0,13.883333
2021-05-03 14:15:00+02:00,8.4,6.0,13.925
2021-05-03 14:20:00+02:00,8.5,6.0,13.966667
2021-05-03 14:25:00+02:00,8.6,6.0,14.008333
2021-05-03 14:30:00+02:00,8.7,6.0,14.05
2021-05-03 14:35:00+02:00,8.8,6.0,14.091667
2021-05-03 14:40:00+02:00,8.9,6.0,14.133333
2021-05-03 14:45:00+02:00,9.0,6.0,14.175
2021-05-03 14:50:00+02:00,9.100000000000001,6.0,14.216667
2021-05-03 14:55:00+02:00,9.200000000000001,6.0,14.258333
2021-05-03 15:00:00+02:00,9.3,6.0,14.3
2021-05-03 15:05:00+02:00,9.275,6.016666666666667,14.35
2021-05-03 15:10:00+02:00,9.25,6.033333333333333,14.4
2021-05-03 15:15:00+02:00,9.225000000000001,6.05,14.45
2021-05-03 15:20:00+02:00,9.200000000000001,6.066666666666666,14.5
2021-05-03 15:25:00+02:00,9.175,6.083333333333333,14.55
2021-05-03 15:30:00+02:00,9.15,6.1,14.6
2021-05-03 15:35:00+02:00,9.125,6.116666666666667,14.65
2021-05-03 15:40:00+02:00,9.1,6.133333333333334,14.7
2021-05-03 15:45:00+02:00,9.075,6.15,14.75
2021-05-03 15:50:00+02:00,9.05,6.166666666666667,14.799999
2021-05-03 15:55:00+02:00,9.025,6.183333333333334,14.849999
2021-05-03 16:00:00+02:00,9.0,6.2,14.9
2021-05-03 16:05:00+02:00,8.891666666666667,6.183333333333334,14.916666
2021-05-03 16:10:00+02:00,8.783333333333333,6.166666666666667,14.933333
2021-05-03 16:15:00+02:00,8.675,6.15,14.95
2021-05-03 16:20:00+02:00,8.566666666666666,6.133333333333334,14.966666
2021-05-03 16:25:00+02:00,8.458333333333334,6.116666666666667,14.983334
2021-05-03 16:30:00+02:00,8.35,6.1,15.0
2021-05-03 16:35:00+02:00,8.241666666666667,6.083333333333333,15.016666
2021-05-03 16:40:00+02:00,8.133333333333333,6.066666666666666,15.033334
2021-05-03 16:45:00+02:00,8.025,6.05,15.05
2021-05-03 16:50:00+02:00,7.916666666666667,6.033333333333333,15.066667
2021-05-03 16:55:00+02:00,7.808333333333334,6.016666666666667,15.083334
2021-05-03 17:00:00+02:00,7.7,6.0,15.1
2021-05-03 17:05:00+02:00,7.716666666666667,6.05,15.108334
2021-05-03 17:10:00+02:00,7.733333333333333,6.1,15.116667
2021-05-03 17:15:00+02:00,7.75,6.15,15.125
2021-05-03 17:20:00+02:00,7.766666666666667,6.2,15.133333
2021-05-03 17:25:00+02:00,7.783333333333333,6.25,15.141666
2021-05-03 17:30:00+02:00,7.800000000000001,6.3,15.15
2021-05-03 17:35:00+02:00,7.816666666666667,6.35,15.158334
2021-05-03 17:40:00+02:00,7.833333333333334,6.3999999999999995,15.166667
2021-05-03 17:45:00+02:00,7.8500000000000005,6.449999999999999,15.175
2021-05-03 17:50:00+02:00,7.866666666666667,6.5,15.183333
2021-05-03 17:55:00+02:00,7.883333333333334,6.55,15.191667
2021-05-03 18:00:00+02:00,7.9,6.6,15.2
2021-05-03 18:05:00+02:00,7.891666666666667,6.566666666666666,15.116667
2021-05-03 18:10:00+02:00,7.883333333333334,6.533333333333333,15.033333
2021-05-03 18:15:00+02:00,7.875,6.5,14.95
2021-05-03 18:20:00+02:00,7.866666666666667,6.466666666666667,14.866667
2021-05-03 18:25:00+02:00,7.858333333333333,6.433333333333334,14.783333
2021-05-03 18:30:00+02:00,7.85,6.4,14.7
2021-05-03 18:35:00+02:00,7.841666666666667,6.366666666666666,14.616667
2021-05-03 18:40:00+02:00,7.833333333333333,6.333333333333333,14.533333
2021-05-03 18:45:00+02:00,7.825,6.3,14.45
2021-05-03 18:50:00+02:00,7.816666666666666,6.266666666666667,14.366667
2021-05-03 18:55:00+02:00,7.808333333333334,6.233333333333333,14.283333
2021-05-03 19:00:00+02:00,7.8,6.2,14.2
2021-05-03 19:05:00+02:00,7.8,6.191666666666666,14.133333
2021-05-03 19:10:00+02:00,7.8,6.183333333333334,14.066667
2021-05-03 19:15:00+02:00,7.8,6.175,14.0
2021-05-03 19:20:00+02:00,7.8,6.166666666666667,13.933333
2021-05-03 19:25:00+02:00,7.8,6.158333333333333,13.866667
2021-05-03 19:30:00+02:00,7.8,6.15,13.799999
2021-05-03 19:35:00+02:00,7.8,6.141666666666667,13.733333
2021-05-03 19:40:00+02:00,7.8,6.133333333333333,13.666666
2021-05-03 19:45:00+02:00,7.8,6.125,13.599999
2021-05-03 19:50:00+02:00,7.8,6.116666666666666,13.533333
2021-05-03 19:55:00+02:00,7.8,6.108333333333333,13.466666
2021-05-03 20:00:00+02:00,7.8,6.1,13.4
2021-05-03 20:05:00+02:00,7.85,6.091666666666667,13.258333
2021-05-03 20:10:00+02:00,7.9,6.083333333333333,13.116667
2021-05-03 20:15:00+02:00,7.95,6.074999999999999,12.974999
2021-05-03 20:20:00+02:00,8.0,6.066666666666666,12.833333
2021-05-03 20:25:00+02:00,8.05,6.058333333333334,12.691667
2021-05-03 20:30:00+02:00,8.1,6.05,12.549999
2021-05-03 20:35:00+02:00,8.15,6.041666666666666,12.408333
2021-05-03 20:40:00+02:00,8.2,6.033333333333333,12.266666
2021-05-03 20:45:00+02:00,8.25,6.025,12.125
2021-05-03 20:50:00+02:00,8.3,6.016666666666667,11.983334
2021-05-03 20:55:00+02:00,8.35,6.008333333333333,11.841666
2021-05-03 21:00:00+02:00,8.4,6.0,11.7
2021-05-03 21:05:00+02:00,8.408333333333333,6.025,11.641666
2021-05-03 21:10:00+02:00,8.416666666666668,6.05,11.583333
2021-05-03 21:15:00+02:00,8.425,6.075,11.525
2021-05-03 21:20:00+02:00,8.433333333333334,6.1,11.466666
2021-05-03 21:25:00+02:00,8.441666666666666,6.125,11.408333
2021-05-03 21:30:00+02:00,8.45,6.15,11.35
2021-05-03 21:35:00+02:00,8.458333333333334,6.175,11.291667
2021-05-03 21:40:00+02:00,8.466666666666667,6.2,11.233334
2021-05-03 21:45:00+02:00,8.475,6.225,11.175
2021-05-03 21:50:00+02:00,8.483333333333334,6.25,11.116667
2021-05-03 21:55:00+02:00,8.491666666666667,6.2749999999999995,11.058333
2021-05-03 22:00:00+02:00,8.5,6.3,11.0
2021-05-03 22:05:00+02:00,8.491666666666667,6.333333333333333,10.916667
2021-05-03 22:10:00+02:00,8.483333333333334,6.366666666666666,10.833333
2021-05-03 22:15:00+02:00,8.475,6.4,10.75
2021-05-03 22:20:00+02:00,8.466666666666667,6.433333333333334,10.666667
2021-05-03 22:25:00+02:00,8.458333333333334,6.466666666666667,10.583333
2021-05-03 22:30:00+02:00,8.45,6.5,10.5
2021-05-03 22:35:00+02:00,8.441666666666666,6.533333333333333,10.416667
2021-05-03 22:40:00+02:00,8.433333333333334,6.566666666666666,10.333333
2021-05-03 22:45:00+02:00,8.425,6.6,10.25
2021-05-03 22:50:00+02:00,8.416666666666668,6.633333333333334,10.166667
2021-05-03 22:55:00+02:00,8.408333333333333,6.666666666666667,10.083333
2021-05-03 23:00:00+02:00,8.4,6.7,10.0
2021-05-03 23:05:00+02:00,8.458333333333334,6.7250000000000005,9.966667
2021-05-03 23:10:00+02:00,8.516666666666667,6.75,9.933333
2021-05-03 23:15:00+02:00,8.575,6.775,9.9
2021-05-03 23:20:00+02:00,8.633333333333333,6.8,9.866667
2021-05-03 23:25:00+02:00,8.691666666666666,6.825,9.833334
2021-05-03 23:30:00+02:00,8.75,6.85,9.8
2021-05-03 23:35:00+02:00,8.808333333333334,6.875,9.766666
2021-05-03 23:40:00+02:00,8.866666666666667,6.9,9.733334
2021-05-03 23:45:00+02:00,8.925,6.925,9.700001
2021-05-03 23:50:00+02:00,8.983333333333333,6.95,9.666667
2021-05-03 23:55:00+02:00,9.041666666666666,6.975,9.633333
2021-05-04 00:00:00+02:00,9.1,7.0,9.6
2021-05-04 00:05:00+02:00,9.125,6.983333333333333,9.541667
2021-05-04 00:10:00+02:00,9.15,6.966666666666667,9.483334
2021-05-04 00:15:00+02:00,9.175,6.95,9.425
2021-05-04 00:20:00+02:00,9.2,6.933333333333334,9.366667
2021-05-04 00:25:00+02:00,9.225,6.916666666666667,9.308333
2021-05-04 00:30:00+02:00,9.25,6.9,9.25
2021-05-04 00:35:00+02:00,9.275,6.883333333333333,9.191667
2021-05-04 00:40:00+02:00,9.3,6.866666666666666,9.133333
2021-05-04 00:45:00+02:00,9.325,6.85,9.075
2021-05-04 00:50:00+02:00,9.35,6.833333333333333,9.016666
2021-05-04 00:55:00+02:00,9.375,6.816666666666666,8.958333
2021-05-04 01:00:00+02:00,9.4,6.8,8.9
2021-05-04 01:05:00+02:00,9.283333333333333,6.741666666666666,8.983333
2021-05-04 01:10:00+02:00,9.166666666666668,6.683333333333334,9.066667
2021-05-04 01:15:00+02:00,9.05,6.625,9.15
2021-05-04 01:20:00+02:00,8.933333333333334,6.566666666666666,9.233333
2021-05-04 01:25:00+02:00,8.816666666666666,6.508333333333333,9.316667
2021-05-04 01:30:00+02:00,8.7,6.449999999999999,9.4
2021-05-04 01:35:00+02:00,8.583333333333334,6.391666666666667,9.483333
2021-05-04 01:40:00+02:00,8.466666666666667,6.333333333333333,9.566667
2021-05-04 01:45:00+02:00,8.35,6.2749999999999995,9.65
2021-05-04 01:50:00+02:00,8.233333333333334,6.216666666666667,9.733333
2021-05-04 01:55:00+02:00,8.116666666666667,6.158333333333333,9.816667
2021-05-04 02:00:00+02:00,8.0,6.1,9.9
2021-05-04 02:05:00+02:00,7.883333333333333,6.033333333333333,9.974999
2021-05-04 02:10:00+02:00,7.766666666666667,5.966666666666667,10.049999
2021-05-04 02:15:00+02:00,7.65,5.8999999999999995,10.125
2021-05-04 02:20:00+02:00,7.533333333333333,5.833333333333333,10.2
2021-05-04 02:25:00+02:00,7.416666666666666,5.766666666666667,10.275
2021-05-04 02:30:00+02:00,7.3,5.699999999999999,10.35
2021-05-04 02:35:00+02:00,7.183333333333334,5.633333333333333,10.425
2021-05-04 02:40:00+02:00,7.066666666666666,5.566666666666666,10.5
2021-05-04 02:45:00+02:00,6.949999999999999,5.5,10.575
2021-05-04 02:50:00+02:00,6.833333333333333,5.433333333333334,10.65
2021-05-04 02:55:00+02:00,6.716666666666667,5.366666666666666,10.725
2021-05-04 03:00:00+02:00,6.6,5.3,10.8
2021-05-04 03:05:00+02:00,6.6,5.2749999999999995,10.791667
2021-05-04 03:10:00+02:00,6.6,5.25,10.783334
2021-05-04 03:15:00+02:00,6.6,5.225,10.775
2021-05-04 03:20:00+02:00,6.6,5.2,10.766666
2021-05-04 03:25:00+02:00,6.6,5.175,10.758333
2021-05-04 03:30:00+02:00,6.6,5.15,10.75
2021-05-04 03:35:00+02:00,6.6,5.125,10.741667
2021-05-04 03:40:00+02:00,6.6,5.1,10.733334
2021-05-04 03:45:00+02:00,6.6,5.075,10.725
2021-05-04 03:50:00+02:00,6.6,5.05,10.716666
2021-05-04 03:55:00+02:00,6.6,5.025,10.708333
2021-05-04 04:00:00+02:00,6.6,5.0,10.7
2021-05-04 04:05:00+02:00,6.566666666666666,4.975,10.525
2021-05-04 04:10:00+02:00,6.533333333333333,4.95,10.35
2021-05-04 04:15:00+02:00,6.5,4.925,10.175
2021-05-04 04:20:00+02:00,6.466666666666667,4.9,10.0
2021-05-04 04:25:00+02:00,6.433333333333334,4.875,9.825
2021-05-04 04:30:00+02:00,6.4,4.85,9.65
2021-05-04 04:35:00+02:00,6.366666666666666,4.825,9.475
2021-05-04 04:40:00+02:00,6.333333333333333,4.8,9.3
2021-05-04 04:45:00+02:00,6.3,4.775,9.125
2021-05-04 04:50:00+02:00,6.266666666666667,4.75,8.950001
2021-05-04 04:55:00+02:00,6.233333333333333,4.7250000000000005,8.775001
2021-05-04 05:00:00+02:00,6.2,4.7,8.6
2021-05-04 05:05:00+02:00,6.216666666666667,4.683333333333334,8.583334
2021-05-04 05:10:00+02:00,6.233333333333333,4.666666666666667,8.566667
2021-05-04 05:15:00+02:00,6.25,4.65,8.55
2021-05-04 05:20:00+02:00,6.266666666666667,4.633333333333334,8.533334
2021-05-04 05:25:00+02:00,6.283333333333333,4.616666666666667,8.516666
2021-05-04 05:30:00+02:00,6.300000000000001,4.6,8.5
2021-05-04 05:35:00+02:00,6.316666666666667,4.583333333333333,8.483334
2021-05-04 05:40:00+02:00,6.333333333333334,4.566666666666666,8.466666
2021-05-04 05:45:00+02:00,6.3500000000000005,4.55,8.45
2021-05-04 05:50:00+02:00,6.366666666666667,4.533333333333333,8.433333
2021-05-04 05:55:00+02:00,6.383333333333334,4.516666666666667,8.416666
2021-05-04 06:00:00+02:00,6.4,4.5,8.4
2021-05-04 06:05:00+02:00,6.425000000000001,4.483333333333333,8.483333
2021-05-04 06:10:00+02:00,6.45,4.466666666666667,8.566667
2021-05-04 06:15:00+02:00,6.4750000000000005,4.45,8.65
2021-05-04 06:20:00+02:00,6.5,4.433333333333334,8.733333
2021-05-04 06:25:00+02:00,6.525,4.416666666666667,8.816667
2021-05-04 06:30:00+02:00,6.550000000000001,4.4,8.9
2021-05-04 06:35:00+02:00,6.575,4.383333333333333,8.983333
2021-05-04 06:40:00+02:00,6.6000000000000005,4.366666666666666,9.066667
2021-05-04 06:45:00+02:00,6.625,4.35,9.15
2021-05-04 06:50:00+02:00,6.65,4.333333333333333,9.233333
2021-05-04 06:55:00+02:00,6.675,4.316666666666666,9.316667
2021-05-04 07:00:00+02:00,6.7,4.3,9.4
2021-05-04 07:05:00+02:00,6.891666666666667,4.366666666666666,9.599999
2021-05-04 07:10:00+02:00,7.083333333333334,4.433333333333334,9.799999
2021-05-04 07:15:00+02:00,7.275,4.5,10.0
2021-05-04 07:20:00+02:00,7.466666666666667,4.566666666666666,10.2
2021-05-04 07:25:00+02:00,7.658333333333333,4.633333333333333,10.4
2021-05-04 07:30:00+02:00,7.85,4.699999999999999,10.6
2021-05-04 07:35:00+02:00,8.041666666666666,4.766666666666667,10.8
2021-05-04 07:40:00+02:00,8.233333333333334,4.833333333333333,11.0
2021-05-04 07:45:00+02:00,8.425,4.8999999999999995,11.2
2021-05-04 07:50:00+02:00,8.616666666666667,4.966666666666667,11.4
2021-05-04 07:55:00+02:00,8.808333333333334,5.033333333333333,11.6
2021-05-04 08:00:00+02:00,9.0,5.1,11.8
2021-05-04 08:05:00+02:00,8.983333333333334,5.133333333333333,11.916667
2021-05-04 08:10:00+02:00,8.966666666666667,5.166666666666666,12.033334
2021-05-04 08:15:00+02:00,8.95,5.199999999999999,12.15
2021-05-04 08:20:00+02:00,8.933333333333334,5.233333333333333,12.266666
2021-05-04 08:25:00+02:00,8.916666666666668,5.266666666666667,12.383333
2021-05-04 08:30:00+02:00,8.9,5.3,12.5
2021-05-04 08:35:00+02:00,8.883333333333333,5.333333333333333,12.616667
2021-05-04 08:40:00+02:00,8.866666666666667,5.366666666666666,12.733334
2021-05-04 08:45:00+02:00,8.850000000000001,5.4,12.85
2021-05-04 08:50:00+02:00,8.833333333333334,5.433333333333334,12.966666
2021-05-04 08:55:00+02:00,8.816666666666666,5.466666666666667,13.083333
2021-05-04 09:00:00+02:00,8.8,5.5,13.2
2021-05-04 09:05:00+02:00,9.108333333333334,5.483333333333333,13.333333
2021-05-04 09:10:00+02:00,9.416666666666668,5.466666666666667,13.466666
2021-05-04 09:15:00+02:00,9.725000000000001,5.45,13.6
2021-05-04 09:20:00+02:00,10.033333333333333,5.433333333333334,13.733334
2021-05-04 09:25:00+02:00,10.341666666666667,5.416666666666667,13.866667
2021-05-04 09:30:00+02:00,10.65,5.4,14.0
2021-05-04 09:35:00+02:00,10.958333333333334,5.383333333333333,14.133333
2021-05-04 09:40:00+02:00,11.266666666666667,5.366666666666666,14.266666
2021-05-04 09:45:00+02:00,11.575,5.35,14.4
2021-05-04 09:50:00+02:00,11.883333333333333,5.333333333333333,14.533334
2021-05-04 09:55:00+02:00,12.191666666666666,5.316666666666666,14.666667
2021-05-04 10:00:00+02:00,12.5,5.3,14.8
2021-05-04 10:05:00+02:00,12.633333333333333,5.283333333333333,14.983334
2021-05-04 10:10:00+02:00,12.766666666666666,5.266666666666667,15.166667
2021-05-04 10:15:00+02:00,12.9,5.25,15.35
2021-05-04 10:20:00+02:00,13.033333333333333,5.233333333333333,15.533334
2021-05-04 10:25:00+02:00,13.166666666666666,5.216666666666667,15.716667
2021-05-04 10:30:00+02:00,13.3,5.2,15.9
2021-05-04 10:35:00+02:00,13.433333333333334,5.183333333333334,16.083334
2021-05-04 10:40:00+02:00,13.566666666666666,5.166666666666667,16.266666
2021-05-04 10:45:00+02:00,13.7,5.15,16.45
2021-05-04 10:50:00+02:00,13.833333333333332,5.133333333333334,16.633333
2021-05-04 10:55:00+02:00,13.966666666666667,5.116666666666667,16.816668
2021-05-04 11:00:00+02:00,14.1,5.1000000000000005,17.0
2021-05-04 11:05:00+02:00,14.0,5.083333333333334,17.1
2021-05-04 11:10:00+02:00,13.9,5.066666666666667,17.2
2021-05-04 11:15:00+02:00,13.8,5.050000000000001,17.3
2021-05-04 11:20:00+02:00,13.7,5.033333333333334,17.4
2021-05-04 11:25:00+02:00,13.6,5.0166666666666675,17.5
2021-05-04 11:30:00+02:00,13.5,5.0,17.6
2021-05-04 11:35:00+02:00,13.4,4.983333333333333,17.7
2021-05-04 11:40:00+02:00,13.3,4.966666666666667,17.800001
2021-05-04 11:45:00+02:00,13.2,4.95,17.900002
2021-05-04 11:50:00+02:00,13.1,4.933333333333334,18.0
2021-05-04 11:55:00+02:00,13.0,4.916666666666667,18.1
2021-05-04 12:00:00+02:00,12.9,4.9,18.2
2021-05-04 12:05:00+02:00,12.700000000000001,4.866666666666667,18.191668
2021-05-04 12:10:00+02:00,12.5,4.833333333333334,18.183334
2021-05-04 12:15:00+02:00,12.3,4.800000000000001,18.175001
2021-05-04 12:20:00+02:00,12.1,4.766666666666667,18.166668
2021-05-04 12:25:00+02:00,11.9,4.733333333333333,18.158335
2021-05-04 12:30:00+02:00,11.7,4.7,18.150002
2021-05-04 12:35:00+02:00,11.5,4.666666666666667,18.141666
2021-05-04 12:40:00+02:00,11.3,4.633333333333334,18.133333
2021-05-04 12:45:00+02:00,11.1,4.6,18.125
2021-05-04 12:50:00+02:00,10.9,4.566666666666666,18.116667
2021-05-04 12:55:00+02:00,10.7,4.533333333333333,18.108334
2021-05-04 13:00:00+02:00,10.5,4.5,18.1
2021-05-04 13:05:00+02:00,10.716666666666667,4.525,18.1
2021-05-04 13:10:00+02:00,10.933333333333334,4.55,18.1
2021-05-04 13:15:00+02:00,11.15,4.575,18.1
2021-05-04 13:20:00+02:00,11.366666666666667,4.6,18.1
2021-05-04 13:25:00+02:00,11.583333333333334,4.625,18.1
2021-05-04 13:30:00+02:00,11.8,4.65,18.1
2021-05-04 13:35:00+02:00,12.016666666666666,4.675,18.1
2021-05-04 13:40:00+02:00,12.233333333333333,4.7,18.1
2021-05-04 13:45:00+02:00,12.45,4.725,18.1
2021-05-04 13:50:00+02:00,12.666666666666666,4.75,18.1
2021-05-04 13:55:00+02:00,12.883333333333333,4.7749999999999995,18.1
2021-05-04 14:00:00+02:00,13.1,4.8,18.1
2021-05-04 14:05:00+02:00,12.866666666666667,4.758333333333333,18.091667
2021-05-04 14:10:00+02:00,12.633333333333333,4.716666666666667,18.083334
2021-05-04 14:15:00+02:00,12.4,4.675,18.075
2021-05-04 14:20:00+02:00,12.166666666666666,4.633333333333333,18.066668
2021-05-04 14:25:00+02:00,11.933333333333334,4.591666666666667,18.058334
2021-05-04 14:30:00+02:00,11.7,4.55,18.05
2021-05-04 14:35:00+02:00,11.466666666666667,4.508333333333333,18.041666
2021-05-04 14:40:00+02:00,11.233333333333334,4.466666666666667,18.033333
2021-05-04 14:45:00+02:00,11.0,4.425,18.025
2021-05-04 14:50:00+02:00,10.766666666666667,4.383333333333333,18.016666
2021-05-04 14:55:00+02:00,10.533333333333333,4.341666666666667,18.008333
2021-05-04 15:00:00+02:00,10.3,4.3,18.0
2021-05-04 15:05:00+02:00,10.191666666666666,4.283333333333333,18.041666
2021-05-04 15:10:00+02:00,10.083333333333334,4.266666666666667,18.083334
2021-05-04 15:15:00+02:00,9.975000000000001,4.25,18.125
2021-05-04 15:20:00+02:00,9.866666666666667,4.233333333333333,18.166666
2021-05-04 15:25:00+02:00,9.758333333333333,4.216666666666667,18.208334
2021-05-04 15:30:00+02:00,9.65,4.199999999999999,18.25
2021-05-04 15:35:00+02:00,9.541666666666668,4.183333333333333,18.291666
2021-05-04 15:40:00+02:00,9.433333333333334,4.166666666666666,18.333334
2021-05-04 15:45:00+02:00,9.325,4.1499999999999995,18.375
2021-05-04 15:50:00+02:00,9.216666666666667,4.133333333333333,18.416666
2021-05-04 15:55:00+02:00,9.108333333333334,4.116666666666666,18.458334
2021-05-04 16:00:00+02:00,9.0,4.1,18.5
2021-05-04 16:05:00+02:00,9.075,4.1,18.491667
2021-05-04 16:10:00+02:00,9.15,4.1,18.483334
2021-05-04 16:15:00+02:00,9.225,4.1,18.475
2021-05-04 16:20:00+02:00,9.3,4.1,18.466667
2021-05-04 16:25:00+02:00,9.375,4.1,18.458334
2021-05-04 16:30:00+02:00,9.45,4.1,18.45
2021-05-04 16:35:00+02:00,9.525,4.1,18.441666
2021-05-04 16:40:00+02:00,9.6,4.1,18.433332
2021-05-04 16:45:00+02:00,9.675,4.1,18.425
2021-05-04 16:50:00+02:00,9.75,4.1,18.416666
2021-05-04 16:55:00+02:00,9.825000000000001,4.1,18.408333
2021-05-04 17:00:00+02:00,9.9,4.1,18.4
2021-05-04 17:05:00+02:00,9.791666666666668,4.116666666666666,18.35
2021-05-04 17:10:00+02:00,9.683333333333334,4.133333333333333,18.3
2021-05-04 17:15:00+02:00,9.575,4.1499999999999995,18.25
2021-05-04 17:20:00+02:00,9.466666666666667,4.166666666666666,18.199999
2021-05-04 17:25:00+02:00,9.358333333333334,4.183333333333333,18.15
2021-05-04 17:30:00+02:00,9.25,4.199999999999999,18.099998
2021-05-04 17:35:00+02:00,9.141666666666666,4.216666666666667,18.05
2021-05-04 17:40:00+02:00,9.033333333333333,4.233333333333333,18.0
2021-05-04 17:45:00+02:00,8.925,4.25,17.949999
2021-05-04 17:50:00+02:00,8.816666666666666,4.266666666666667,17.9
2021-05-04 17:55:00+02:00,8.708333333333332,4.283333333333333,17.849998
2021-05-04 18:00:00+02:00,8.6,4.3,17.8
2021-05-04 18:05:00+02:00,8.708333333333332,4.391666666666667,17.591665
2021-05-04 18:10:00+02:00,8.816666666666666,4.483333333333333,17.383333
2021-05-04 18:15:00+02:00,8.925,4.575,17.175
2021-05-04 18:20:00+02:00,9.033333333333333,4.666666666666667,16.966667
2021-05-04 18:25:00+02:00,9.141666666666666,4.758333333333334,16.758333
2021-05-04 18:30:00+02:00,9.25,4.85,16.55
2021-05-04 18:35:00+02:00,9.358333333333334,4.941666666666666,16.341667
2021-05-04 18:40:00+02:00,9.466666666666667,5.033333333333333,16.133333
2021-05-04 18:45:00+02:00,9.575,5.125,15.925
2021-05-04 18:50:00+02:00,9.683333333333334,5.216666666666667,15.716667
2021-05-04 18:55:00+02:00,9.791666666666668,5.308333333333334,15.508333
2021-05-04 19:00:00+02:00,9.9,5.4,15.3
2021-05-04 19:05:00+02:00,9.883333333333333,5.5,15.116667
2021-05-04 19:10:00+02:00,9.866666666666667,5.6000000000000005,14.933333
2021-05-04 19:15:00+02:00,9.85,5.7,14.75
2021-05-04 19:20:00+02:00,9.833333333333334,5.8,14.566667
2021-05-04 19:25:00+02:00,9.816666666666666,5.9,14.383333
2021-05-04 19:30:00+02:00,9.8,6.0,14.200001
2021-05-04 19:35:00+02:00,9.783333333333333,6.1,14.016667
2021-05-04 19:40:00+02:00,9.766666666666666,6.2,13.833334
2021-05-04 19:45:00+02:00,9.75,6.3,13.650001
2021-05-04 19:50:00+02:00,9.733333333333333,6.3999999999999995,13.466667
2021-05-04 19:55:00+02:00,9.716666666666667,6.5,13.283334
2021-05-04 20:00:00+02:00,9.7,6.6,13.1
2021-05-04 20:05:00+02:00,9.591666666666667,6.5249999999999995,13.133333
2021-05-04 20:10:00+02:00,9.483333333333333,6.449999999999999,13.166667
2021-05-04 20:15:00+02:00,9.375,6.375,13.200001
2021-05-04 20:20:00+02:00,9.266666666666666,6.3,13.233334
2021-05-04 20:25:00+02:00,9.158333333333333,6.225,13.266666
2021-05-04 20:30:00+02:00,9.05,6.15,13.3
2021-05-04 20:35:00+02:00,8.941666666666666,6.075,13.333334
2021-05-04 20:40:00+02:00,8.833333333333334,6.0,13.366667
2021-05-04 20:45:00+02:00,8.725,5.925,13.4
2021-05-04 20:50:00+02:00,8.616666666666667,5.85,13.433333
2021-05-04 20:55:00+02:00,8.508333333333333,5.775,13.466667
2021-05-04 21:00:00+02:00,8.4,5.7,13.5
2021-05-04 21:05:00+02:00,8.308333333333334,5.675,13.45
2021-05-04 21:10:00+02:00,8.216666666666667,5.65,13.4
2021-05-04 21:15:00+02:00,8.125,5.625,13.35
2021-05-04 21:20:00+02:00,8.033333333333333,5.6000000000000005,13.3
2021-05-04 21:25:00+02:00,7.941666666666666,5.575,13.25
2021-05-04 21:30:00+02:00,7.85,5.550000000000001,13.2
2021-05-04 21:35:00+02:00,7.758333333333333,5.525,13.15
2021-05-04 21:40:00+02:00,7.666666666666667,5.5,13.099999
2021-05-04 21:45:00+02:00,7.575,5.4750000000000005,13.049999
2021-05-04 21:50:00+02:00,7.483333333333333,5.45,13.0
2021-05-04 21:55:00+02:00,7.391666666666667,5.425000000000001,12.95
2021-05-04 22:00:00+02:00,7.3,5.4,12.9
2021-05-04 22:05:00+02:00,7.45,5.558333333333334,12.75
2021-05-04 22:10:00+02:00,7.6,5.716666666666667,12.599999
2021-05-04 22:15:00+02:00,7.75,5.875,12.45
2021-05-04 22:20:00+02:00,7.8999999999999995,6.033333333333333,12.3
2021-05-04 22:25:00+02:00,8.05,6.191666666666666,12.15
2021-05-04 22:30:00+02:00,8.2,6.35,12.0
2021-05-04 22:35:00+02:00,8.35,6.508333333333334,11.85
2021-05-04 22:40:00+02:00,8.5,6.666666666666667,11.7
2021-05-04 22:45:00+02:00,8.65,6.825,11.55
2021-05-04 22:50:00+02:00,8.8,6.983333333333333,11.400001
2021-05-04 22:55:00+02:00,8.95,7.141666666666667,11.25
2021-05-04 23:00:00+02:00,9.1,7.3,11.1
2021-05-04 23:05:00+02:00,9.15,7.2,11.1
2021-05-04 23:10:00+02:00,9.2,7.1,11.1
2021-05-04 23:15:00+02:00,9.25,7.0,11.1
2021-05-04 23:20:00+02:00,9.299999999999999,6.8999999999999995,11.1
2021-05-04 23:25:00+02:00,9.35,6.8,11.1
2021-05-04 23:30:00+02:00,9.399999999999999,6.699999999999999,11.1
2021-05-04 23:35:00+02:00,9.45,6.6,11.1
2021-05-04 23:40:00+02:00,9.5,6.5,11.1
2021-05-04 23:45:00+02:00,9.549999999999999,6.3999999999999995,11.1
2021-05-04 23:50:00+02:00,9.6,6.3,11.1
2021-05-04 23:55:00+02:00,9.649999999999999,6.199999999999999,11.1
2021-05-05 00:00:00+02:00,9.7,6.1,11.1
2021-05-05 00:05:00+02:00,9.483333333333333,6.0,11.283334
2021-05-05 00:10:00+02:00,9.266666666666666,5.8999999999999995,11.466667
2021-05-05 00:15:00+02:00,9.049999999999999,5.8,11.650001
2021-05-05 00:20:00+02:00,8.833333333333332,5.7,11.833334
2021-05-05 00:25:00+02:00,8.616666666666665,5.6,12.016667
2021-05-05 00:30:00+02:00,8.399999999999999,5.5,12.200001
2021-05-05 00:35:00+02:00,8.183333333333334,5.4,12.383333
2021-05-05 00:40:00+02:00,7.966666666666666,5.3,12.566667
2021-05-05 00:45:00+02:00,7.75,5.2,12.75
2021-05-05 00:50:00+02:00,7.533333333333333,5.1000000000000005,12.933333
2021-05-05 00:55:00+02:00,7.316666666666666,5.0,13.116667
2021-05-05 01:00:00+02:00,7.1,4.9,13.3
2021-05-05 01:05:00+02:00,7.0,4.808333333333334,13.358334
2021-05-05 01:10:00+02:00,6.8999999999999995,4.716666666666667,13.416667
2021-05-05 01:15:00+02:00,6.8,4.625,13.475
2021-05-05 01:20:00+02:00,6.7,4.533333333333333,13.533334
2021-05-05 01:25:00+02:00,6.6,4.441666666666666,13.591667
2021-05-05 01:30:00+02:00,6.5,4.35,13.65
2021-05-05 01:35:00+02:00,6.4,4.258333333333333,13.708333
2021-05-05 01:40:00+02:00,6.3,4.166666666666667,13.766666
2021-05-05 01:45:00+02:00,6.2,4.075,13.825
2021-05-05 01:50:00+02:00,6.1000000000000005,3.9833333333333334,13.883333
2021-05-05 01:55:00+02:00,6.0,3.8916666666666666,13.941667
2021-05-05 02:00:00+02:00,5.9,3.8,14.0
2021-05-05 02:05:00+02:00,5.95,3.833333333333333,13.975
2021-05-05 02:10:00+02:00,6.0,3.8666666666666667,13.95
2021-05-05 02:15:00+02:00,6.050000000000001,3.9,13.925
2021-05-05 02:20:00+02:00,6.1000000000000005,3.933333333333333,13.9
2021-05-05 02:25:00+02:00,6.15,3.966666666666667,13.875
2021-05-05 02:30:00+02:00,6.2,4.0,13.85
2021-05-05 02:35:00+02:00,6.25,4.033333333333333,13.825
2021-05-05 02:40:00+02:00,6.3,4.066666666666666,13.8
2021-05-05 02:45:00+02:00,6.35,4.1,13.775
2021-05-05 02:50:00+02:00,6.4,4.133333333333334,13.75
2021-05-05 02:55:00+02:00,6.45,4.166666666666667,13.724999
2021-05-05 03:00:00+02:00,6.5,4.2,13.7
2021-05-05 03:05:00+02:00,6.541666666666667,4.266666666666667,13.625
2021-05-05 03:10:00+02:00,6.583333333333333,4.333333333333334,13.55
2021-05-05 03:15:00+02:00,6.625,4.4,13.475
2021-05-05 03:20:00+02:00,6.666666666666667,4.466666666666667,13.4
2021-05-05 03:25:00+02:00,6.708333333333333,4.533333333333333,13.325
2021-05-05 03:30:00+02:00,6.75,4.6,13.25
2021-05-05 03:35:00+02:00,6.791666666666667,4.666666666666667,13.175
2021-05-05 03:40:00+02:00,6.833333333333333,4.733333333333333,13.1
2021-05-05 03:45:00+02:00,6.875,4.8,13.025
2021-05-05 03:50:00+02:00,6.916666666666667,4.866666666666667,12.95
2021-05-05 03:55:00+02:00,6.958333333333333,4.933333333333334,12.875
2021-05-05 04:00:00+02:00,7.0,5.0,12.8
2021-05-05 04:05:00+02:00,6.941666666666666,4.966666666666667,12.691667
2021-05-05 04:10:00+02:00,6.883333333333333,4.933333333333334,12.583334
2021-05-05 04:15:00+02:00,6.825,4.9,12.475
2021-05-05 04:20:00+02:00,6.766666666666667,4.866666666666666,12.366667
2021-05-05 04:25:00+02:00,6.708333333333333,4.833333333333333,12.258333
2021-05-05 04:30:00+02:00,6.65,4.8,12.15
2021-05-05 04:35:00+02:00,6.591666666666667,4.766666666666667,12.041667
2021-05-05 04:40:00+02:00,6.533333333333333,4.733333333333333,11.933333
2021-05-05 04:45:00+02:00,6.475,4.699999999999999,11.825
2021-05-05 04:50:00+02:00,6.416666666666666,4.666666666666666,11.716667
2021-05-05 04:55:00+02:00,6.358333333333333,4.633333333333333,11.608334
2021-05-05 05:00:00+02:00,6.3,4.6,11.5
2021-05-05 05:05:00+02:00,6.3,4.6,11.5
2021-05-05 05:10:00+02:00,6.3,4.6,11.5
2021-05-05 05:15:00+02:00,6.3,4.6,11.5
2021-05-05 05:20:00+02:00,6.3,4.6,11.5
2021-05-05 05:25:00+02:00,6.3,4.6,11.5
2021-05-05 05:30:00+02:00,6.3,4.6,11.5
2021-05-05 05:35:00+02:00,6.3,4.6,11.5
2021-05-05 05:40:00+02:00,6.3,4.6,11.5
2021-05-05 05:45:00+02:00,6.3,4.6,11.5
2021-05-05 05:50:00+02:00,6.3,4.6,11.5
2021-05-05 05:55:00+02:00,6.3,4.6,11.5
2021-05-05 06:00:00+02:00,6.3,4.6,11.5
