Date/time,entry_id,TEMP [C],Relative humidity,PM1 [ug/m3],PM2.5 [ug/m3],PM10 [ug/m3]
2021-04-29 15:15:15+02:00,1,17.2,54.5,6.38,7.05,7.05
2021-04-29 15:20:15+02:00,2,17.2,54.8,4.31,5.47,6.28
2021-04-29 15:25:17+02:00,3,17.4,54.4,3.48,5.28,6.9
2021-04-29 15:30:15+02:00,4,17.4,54.3,3.53,3.9,3.9
2021-04-29 15:35:17+02:00,5,19.2,51.7,4.1,4.53,4.53
2021-04-29 15:40:17+02:00,6,18.3,51.4,5.63,8.02,10.07
2021-04-29 15:45:14+02:00,7,18.3,51.5,4.72,5.22,5.22
2021-04-29 15:50:14+02:00,8,18.3,51.9,6.29,6.95,6.95
2021-04-29 15:55:14+02:00,9,18.9,51.8,2.53,3.35,3.97
2021-04-29 16:00:15+02:00,10,18.6,51.5,5.71,9.0,12.05
2021-04-29 16:05:15+02:00,11,18.2,53.1,4.33,5.65,6.64
2021-04-29 16:10:14+02:00,12,18.1,52.7,4.18,4.62,4.62
2021-04-29 16:15:14+02:00,13,17.2,56.2,4.29,5.8,7.01
2021-04-29 16:20:14+02:00,14,16.7,57.2,7.07,8.79,9.91
2021-04-29 16:25:14+02:00,15,15.7,58.4,6.08,11.03,15.93
2021-04-29 16:30:14+02:00,16,15.6,58.9,6.67,9.16,11.21
2021-04-29 16:35:15+02:00,17,15.3,60.5,3.5,3.87,3.87
2021-04-29 16:40:14+02:00,18,14.7,62.5,3.26,3.61,3.61
2021-04-29 16:50:14+02:00,19,14.1,66.1,5.81,6.43,6.43
2021-04-29 16:55:14+02:00,20,14.1,65.3,7.51,11.25,14.59
2021-04-29 17:00:15+02:00,21,13.9,67.3,3.86,4.26,4.26
2021-04-29 17:05:14+02:00,22,14.0,66.6,8.36,9.24,9.24
2021-04-29 17:10:14+02:00,23,14.5,66.5,6.04,7.94,9.38
2021-04-29 17:15:14+02:00,24,14.0,65.8,4.68,5.18,5.18
2021-04-29 17:20:14+02:00,25,13.6,67.8,5.04,7.57,9.85
2021-04-29 17:25:15+02:00,26,13.7,68.1,7.56,8.36,8.36
2021-04-29 17:30:15+02:00,27,13.4,70.4,7.5,8.33,8.38
2021-04-29 17:35:14+02:00,28,13.2,70.6,6.37,9.56,12.42
2021-04-29 17:40:14+02:00,29,13.7,70.4,8.2,9.9,10.86
2021-04-29 17:45:15+02:00,30,12.9,75.3,6.9,7.63,7.63
2021-04-29 17:50:15+02:00,31,13.0,75.4,5.32,5.88,5.88
2021-04-29 17:55:14+02:00,32,13.2,74.7,6.67,8.57,9.93
2021-04-29 18:00:14+02:00,33,13.5,73.7,8.38,10.63,12.18
2021-04-29 18:05:15+02:00,34,13.4,74.7,5.81,6.42,6.42
2021-04-29 18:10:16+02:00,35,13.4,74.8,10.01,17.98,25.84
2021-04-29 18:15:14+02:00,36,13.3,74.7,5.54,7.83,9.78
2021-04-29 18:20:14+02:00,37,13.2,74.9,4.91,5.42,5.42
2021-04-29 18:25:14+02:00,38,13.0,75.0,2.62,3.8,4.82
2021-04-29 18:30:14+02:00,39,12.7,77.0,2.03,2.75,3.31
2021-04-29 18:35:15+02:00,40,12.7,77.1,3.61,4.67,5.45
2021-04-29 18:40:14+02:00,41,12.6,77.7,5.69,6.29,6.29
2021-04-29 18:45:14+02:00,42,12.5,78.7,4.64,5.13,5.13
2021-04-29 18:50:14+02:00,43,12.3,80.8,3.12,4.08,4.8
2021-04-29 18:55:15+02:00,44,12.2,81.7,5.25,5.81,5.81
2021-04-29 19:00:15+02:00,45,11.9,82.5,6.67,8.99,10.83
2021-04-29 19:05:15+02:00,46,11.8,83.3,5.98,6.61,6.61
2021-04-29 19:10:15+02:00,47,11.7,83.8,6.62,8.23,9.26
2021-04-29 19:15:14+02:00,48,11.5,84.2,5.82,6.52,6.62
2021-04-29 19:20:14+02:00,49,11.5,83.9,5.02,5.55,5.55
2021-04-29 19:25:14+02:00,50,11.5,84.5,6.25,6.91,6.91
2021-04-29 19:30:15+02:00,51,11.4,85.2,7.96,10.41,12.24
2021-04-29 19:35:15+02:00,52,11.4,85.1,5.43,6.52,7.11
2021-04-29 19:40:17+02:00,53,11.3,85.1,7.75,11.72,15.32
2021-04-29 19:45:15+02:00,54,11.3,85.2,8.28,9.71,10.34
2021-04-29 19:50:15+02:00,55,11.2,85.6,6.55,8.09,9.05
2021-04-29 19:55:14+02:00,56,11.3,86.3,8.88,13.17,16.98
2021-04-29 20:00:14+02:00,57,11.2,85.4,8.32,10.36,11.68
2021-04-29 20:05:14+02:00,58,11.1,85.8,6.52,12.31,18.11
2021-04-29 20:10:15+02:00,59,11.6,84.5,9.82,12.44,14.25
2021-04-29 20:15:15+02:00,60,11.2,85.6,6.98,7.72,7.72
2021-04-29 20:20:15+02:00,61,11.0,85.6,4.32,5.65,6.65
2021-04-29 20:25:14+02:00,62,10.9,86.3,5.79,7.81,9.43
2021-04-29 20:30:14+02:00,63,10.8,86.8,8.46,10.88,12.63
2021-04-29 20:35:14+02:00,64,10.7,86.5,6.35,9.42,12.14
2021-04-29 20:40:20+02:00,65,10.7,86.9,10.22,11.3,11.3
2021-04-29 20:45:15+02:00,66,10.7,87.5,5.91,7.27,8.1
2021-04-29 20:50:14+02:00,67,10.6,86.8,5.3,5.86,5.86
2021-04-29 20:55:14+02:00,68,10.5,87.2,7.84,10.86,13.37
2021-04-29 21:00:19+02:00,69,10.5,86.9,3.98,6.37,8.61
2021-04-29 21:05:14+02:00,70,10.5,86.9,2.42,2.68,2.68
2021-04-29 21:10:15+02:00,71,10.5,86.7,3.17,4.25,5.1
2021-04-29 21:15:15+02:00,72,10.4,86.8,5.57,7.99,10.08
2021-04-29 21:20:14+02:00,73,10.4,86.9,4.97,7.64,10.08
2021-04-29 21:25:14+02:00,74,10.4,86.5,1.36,1.51,1.51
2021-04-29 21:30:14+02:00,75,10.3,86.3,5.69,6.29,6.29
2021-04-29 21:35:15+02:00,76,10.4,85.7,4.01,4.43,4.43
2021-04-29 21:40:15+02:00,77,10.4,86.3,2.75,4.44,6.02
2021-04-29 21:45:14+02:00,78,10.4,85.4,3.21,4.97,6.6
2021-04-29 21:50:14+02:00,79,10.4,85.9,3.62,4.71,5.51
2021-04-29 21:55:17+02:00,80,10.4,85.7,3.73,5.21,6.44
2021-04-29 22:00:14+02:00,81,10.4,85.7,3.56,4.26,4.62
2021-04-29 22:05:14+02:00,82,10.4,86.3,3.49,3.86,3.86
2021-04-29 22:10:14+02:00,83,10.3,86.6,3.43,5.41,7.25
2021-04-29 22:15:15+02:00,84,10.3,86.5,5.7,9.06,12.19
2021-04-29 22:20:17+02:00,85,10.3,87.0,3.79,4.19,4.19
2021-04-29 22:25:14+02:00,86,10.3,87.0,3.02,3.34,3.34
2021-04-29 22:30:15+02:00,87,10.2,86.6,3.57,4.14,4.36
2021-04-29 22:35:15+02:00,88,10.3,86.2,4.79,8.85,12.89
2021-04-29 22:40:14+02:00,89,10.4,86.1,2.09,3.19,4.19
2021-04-29 22:45:14+02:00,90,10.3,86.0,2.45,2.71,2.71
2021-04-29 22:50:14+02:00,91,10.4,85.4,5.17,5.72,5.72
2021-04-29 22:55:15+02:00,92,10.4,85.3,6.29,12.11,17.97
2021-04-29 23:00:15+02:00,93,10.4,85.4,2.91,3.22,3.22
2021-04-29 23:05:14+02:00,94,10.3,85.4,4.74,5.89,6.62
2021-04-29 23:10:14+02:00,95,10.4,84.8,2.92,3.23,3.23
2021-04-29 23:15:14+02:00,96,10.4,85.0,3.04,3.36,3.36
2021-04-29 23:20:14+02:00,97,10.4,86.0,2.84,3.14,3.14
2021-04-29 23:25:15+02:00,98,10.3,85.8,3.13,3.46,3.46
2021-04-29 23:30:15+02:00,99,10.3,85.0,5.71,6.31,6.31
2021-04-29 23:35:14+02:00,100,10.3,85.6,1.99,2.2,2.2
2021-04-29 23:40:14+02:00,101,10.3,84.9,3.06,3.39,3.39
2021-04-29 23:45:17+02:00,102,9.9,88.4,4.27,7.4,10.44
2021-04-29 23:50:14+02:00,103,9.9,88.4,5.98,7.32,8.12
2021-04-29 23:55:14+02:00,104,9.8,89.4,6.33,6.99,6.99
2021-04-30 00:00:14+02:00,105,9.8,89.5,3.65,4.03,4.03
2021-04-30 00:05:15+02:00,106,9.8,90.1,9.45,12.02,13.81
2021-04-30 00:10:15+02:00,107,9.8,91.0,6.78,11.6,16.27
2021-04-30 00:15:17+02:00,108,9.9,90.7,4.56,6.41,7.96
2021-04-30 00:20:14+02:00,109,10.0,90.7,9.97,11.02,11.02
2021-04-30 00:25:15+02:00,110,10.1,90.7,8.19,9.05,9.05
2021-04-30 00:30:15+02:00,111,10.1,90.6,5.12,6.0,6.39
2021-04-30 00:35:17+02:00,112,10.2,89.8,9.5,11.18,11.95
2021-04-30 00:40:15+02:00,113,10.1,89.8,8.2,12.04,15.42
2021-04-30 00:45:17+02:00,114,10.1,89.4,5.98,7.23,7.94
2021-04-30 00:50:15+02:00,115,10.1,89.4,5.89,9.3,12.47
2021-04-30 00:55:15+02:00,116,10.0,89.6,6.59,7.92,8.65
2021-04-30 01:00:17+02:00,117,10.1,89.4,6.05,6.69,6.69
2021-04-30 01:05:15+02:00,118,10.0,88.4,4.04,6.88,9.62
2021-04-30 01:10:15+02:00,119,10.1,87.3,6.2,6.85,6.85
2021-04-30 01:15:14+02:00,120,10.2,86.4,7.22,9.86,11.99
2021-04-30 01:20:14+02:00,121,10.1,86.6,5.61,8.28,10.63
2021-04-30 01:30:14+02:00,122,10.1,86.5,6.23,9.33,12.11
2021-04-30 01:35:14+02:00,123,10.1,86.3,3.72,4.94,5.87
2021-04-30 01:40:15+02:00,124,10.0,87.3,5.0,6.18,6.92
2021-04-30 01:45:15+02:00,125,9.9,88.3,5.3,8.48,11.45
2021-04-30 01:50:17+02:00,126,9.8,88.3,11.35,12.54,12.54
2021-04-30 01:55:15+02:00,127,9.8,88.3,4.09,4.52,4.52
2021-04-30 02:00:14+02:00,128,9.8,88.2,5.44,6.01,6.01
2021-04-30 02:05:14+02:00,129,9.7,88.2,5.06,7.17,8.97
2021-04-30 02:10:14+02:00,130,9.7,88.6,7.5,8.62,8.99
2021-04-30 02:15:15+02:00,131,9.8,88.7,5.0,6.98,8.63
2021-04-30 02:20:15+02:00,132,9.7,88.8,6.88,10.03,12.78
2021-04-30 02:25:14+02:00,133,9.8,88.9,4.7,5.19,5.19
2021-04-30 02:30:14+02:00,134,9.8,88.7,6.6,8.18,9.19
2021-04-30 02:35:15+02:00,135,9.8,88.3,3.86,8.43,13.16
2021-04-30 02:40:15+02:00,136,9.8,88.3,6.81,9.96,12.73
2021-04-30 02:45:14+02:00,137,9.8,88.2,5.73,8.89,11.8
2021-04-30 02:50:14+02:00,138,9.7,87.9,3.39,5.77,8.08
2021-04-30 02:55:14+02:00,139,9.6,88.4,5.25,5.8,5.8
2021-04-30 03:00:17+02:00,140,9.5,85.0,4.18,6.58,8.81
2021-04-30 03:05:14+02:00,141,9.6,85.0,4.77,7.17,9.33
2021-04-30 03:10:15+02:00,142,9.5,84.0,8.23,9.42,9.79
2021-04-30 03:20:15+02:00,143,9.4,82.1,4.97,7.22,9.17
2021-04-30 03:25:15+02:00,144,9.3,80.9,8.13,8.99,8.99
2021-04-30 03:30:15+02:00,145,9.2,80.6,4.39,5.89,7.07
2021-04-30 03:35:14+02:00,146,9.2,80.6,7.4,12.78,18.01
2021-04-30 03:40:14+02:00,147,9.1,80.6,5.34,6.65,7.49
2021-04-30 03:45:14+02:00,148,9.0,80.9,9.08,10.03,10.03
2021-04-30 03:50:15+02:00,149,8.9,80.4,6.83,9.55,11.83
2021-04-30 03:55:14+02:00,150,8.9,80.5,5.6,7.26,8.48
2021-04-30 04:00:14+02:00,151,8.9,80.8,5.38,6.1,6.27
2021-04-30 04:05:14+02:00,152,9.0,80.6,6.29,10.2,13.89
2021-04-30 04:10:14+02:00,153,8.9,81.6,9.69,10.71,10.71
2021-04-30 04:15:14+02:00,154,8.8,82.4,5.08,6.9,8.35
2021-04-30 04:20:14+02:00,155,8.9,81.9,5.12,6.56,7.59
2021-04-30 04:25:14+02:00,156,8.9,80.3,11.99,16.2,19.56
2021-04-30 04:30:15+02:00,157,8.9,80.2,11.08,15.89,20.03
2021-04-30 04:35:15+02:00,158,8.9,80.2,4.71,5.2,5.2
2021-04-30 04:40:15+02:00,159,8.8,81.1,8.04,8.89,8.89
2021-04-30 04:45:17+02:00,160,8.6,81.7,7.96,10.72,12.9
2021-04-30 04:50:15+02:00,161,8.6,81.7,6.32,6.99,6.99
2021-04-30 04:55:15+02:00,162,8.7,81.7,6.75,8.31,9.28
2021-04-30 05:00:14+02:00,163,8.7,81.3,6.87,7.59,7.59
2021-04-30 05:05:14+02:00,164,8.8,81.2,11.66,14.67,16.69
2021-04-30 05:10:14+02:00,165,8.8,81.2,7.24,8.0,8.0
2021-04-30 05:15:15+02:00,166,8.8,80.9,9.06,10.01,10.01
2021-04-30 05:20:15+02:00,167,8.8,81.2,6.36,7.03,7.03
2021-04-30 05:25:14+02:00,168,8.8,81.4,6.4,7.07,7.07
2021-04-30 05:30:14+02:00,169,8.7,81.3,8.3,10.18,11.34
2021-04-30 05:35:17+02:00,170,8.6,82.0,6.56,9.1,11.2
2021-04-30 05:40:14+02:00,171,8.6,82.0,8.52,13.22,17.55
2021-04-30 05:50:14+02:00,172,8.4,83.0,9.35,13.46,17.01
2021-04-30 05:55:17+02:00,173,8.5,82.6,11.9,13.16,13.16
2021-04-30 06:00:14+02:00,174,8.5,82.6,5.94,7.78,9.15
2021-04-30 06:05:14+02:00,175,8.6,82.4,7.61,10.34,12.54
2021-04-30 06:10:15+02:00,176,8.6,82.4,9.96,12.02,13.16
2021-04-30 06:15:15+02:00,177,8.6,82.3,9.86,10.9,10.9
2021-04-30 06:20:15+02:00,178,8.6,82.3,11.37,15.56,18.95
2021-04-30 06:25:14+02:00,179,8.7,82.7,9.61,11.76,13.05
2021-04-30 06:30:14+02:00,180,8.8,82.0,9.62,11.65,12.8
2021-04-30 06:35:14+02:00,181,8.9,81.5,6.03,7.4,8.25
2021-04-30 06:40:15+02:00,182,9.0,80.8,7.2,7.95,7.95
2021-04-30 06:45:15+02:00,183,9.2,80.4,12.65,13.98,13.98
2021-04-30 06:50:14+02:00,184,9.2,79.7,8.44,11.04,12.99
2021-04-30 06:55:14+02:00,185,9.3,79.4,7.91,9.44,10.24
2021-04-30 07:00:15+02:00,186,9.3,79.2,8.01,14.95,21.87
2021-04-30 07:05:20+02:00,187,9.1,79.9,10.94,14.37,16.96
2021-04-30 07:10:17+02:00,188,9.3,79.2,13.18,14.56,14.56
2021-04-30 07:15:15+02:00,189,9.3,79.2,17.05,19.48,20.19
2021-04-30 07:20:17+02:00,190,9.6,78.8,8.67,11.62,13.95
2021-04-30 07:25:15+02:00,191,9.6,78.8,7.46,10.18,12.37
2021-04-30 07:30:15+02:00,192,9.6,78.1,6.15,8.26,9.94
2021-04-30 07:35:15+02:00,193,9.7,78.1,6.57,7.26,7.26
2021-04-30 07:40:14+02:00,194,9.8,77.8,7.77,8.59,8.59
2021-04-30 07:45:14+02:00,195,9.9,77.8,10.9,14.65,17.61
2021-04-30 07:50:16+02:00,196,9.7,78.0,12.23,14.6,15.83
2021-04-30 07:55:14+02:00,197,9.7,78.0,11.06,12.22,12.22
2021-04-30 08:00:14+02:00,198,9.9,77.7,11.98,13.24,13.24
2021-04-30 08:05:15+02:00,199,10.1,76.9,15.22,16.82,16.82
2021-04-30 08:10:20+02:00,200,10.3,77.0,8.16,9.02,9.02
2021-04-30 08:15:14+02:00,201,10.3,77.0,7.91,10.17,11.8
2021-04-30 08:20:17+02:00,202,10.4,77.4,13.0,16.2,18.29
2021-04-30 08:25:15+02:00,203,10.4,77.4,8.99,13.18,16.87
2021-04-30 08:30:15+02:00,204,10.8,76.8,8.44,9.94,10.63
2021-04-30 08:35:14+02:00,205,11.2,76.3,7.33,9.14,10.32
2021-04-30 08:40:17+02:00,206,11.2,74.8,7.06,7.81,7.81
2021-04-30 08:45:19+02:00,207,10.8,76.0,9.98,13.79,16.93
2021-04-30 08:50:14+02:00,208,10.8,76.1,10.68,12.98,14.32
2021-04-30 08:55:16+02:00,209,11.3,74.1,11.51,12.73,12.73
2021-04-30 09:00:17+02:00,210,12.2,71.6,7.78,12.03,15.93
2021-04-30 09:05:15+02:00,211,12.2,71.6,6.83,7.55,7.55
2021-04-30 09:10:14+02:00,212,12.2,71.8,12.03,13.3,13.3
2021-04-30 09:15:14+02:00,213,11.6,72.6,7.39,9.59,11.2
2021-04-30 09:20:14+02:00,214,11.3,74.5,8.23,9.78,10.56
2021-04-30 09:25:17+02:00,215,11.7,74.0,7.19,8.83,9.83
2021-04-30 09:30:14+02:00,216,11.7,74.0,8.06,10.74,12.81
2021-04-30 09:35:15+02:00,217,12.2,73.2,11.0,14.81,17.82
2021-04-30 09:40:15+02:00,218,12.8,69.9,11.91,14.97,17.03
2021-04-30 09:45:14+02:00,219,11.8,71.9,10.36,11.45,11.45
2021-04-30 09:50:14+02:00,220,12.2,70.7,12.83,17.81,21.92
2021-04-30 09:55:14+02:00,221,12.2,71.8,11.97,15.67,18.44
2021-04-30 10:00:15+02:00,222,12.4,70.9,11.44,12.64,12.64
2021-04-30 10:05:14+02:00,223,12.7,69.2,6.78,8.36,9.35
2021-04-30 10:10:14+02:00,224,13.3,67.4,7.78,11.98,15.81
2021-04-30 10:15:14+02:00,225,13.5,67.4,9.87,14.26,18.07
2021-04-30 10:20:14+02:00,226,13.2,67.4,13.6,22.21,30.36
2021-04-30 10:25:15+02:00,227,13.0,67.7,5.17,6.42,7.23
2021-04-30 10:30:14+02:00,228,13.6,66.9,13.36,23.2,32.78
2021-04-30 10:35:14+02:00,229,13.6,65.3,13.19,15.47,16.5
2021-04-30 10:40:14+02:00,230,13.7,65.5,11.99,13.25,13.25
2021-04-30 10:45:15+02:00,231,13.2,66.5,11.73,13.54,14.19
2021-04-30 10:50:15+02:00,232,13.7,65.8,8.04,11.09,13.6
2021-04-30 10:55:16+02:00,233,13.6,65.3,12.95,18.94,24.19
2021-04-30 11:00:14+02:00,234,13.9,64.8,9.38,13.35,16.74
2021-04-30 11:05:14+02:00,235,14.2,63.9,13.21,17.95,21.77
2021-04-30 11:10:15+02:00,236,14.1,63.1,8.27,14.83,21.29
2021-04-30 11:15:15+02:00,237,14.4,63.4,7.2,8.87,9.91
2021-04-30 11:20:15+02:00,238,14.7,62.1,9.31,10.29,10.29
2021-04-30 11:25:14+02:00,239,15.2,61.3,7.75,10.66,13.04
2021-04-30 11:30:19+02:00,240,15.4,60.8,9.92,10.96,10.96
2021-04-30 11:35:14+02:00,241,15.4,60.7,15.47,17.58,18.12
2021-04-30 11:40:15+02:00,242,16.2,58.1,6.79,11.24,15.48
2021-04-30 11:45:14+02:00,243,15.9,58.9,12.65,13.98,13.98
2021-04-30 11:50:14+02:00,244,15.4,59.6,10.97,12.13,12.13
2021-04-30 11:55:14+02:00,245,16.5,57.6,9.93,10.98,10.98
2021-04-30 12:00:15+02:00,246,17.0,56.7,5.08,6.92,8.41
2021-04-30 12:05:15+02:00,247,16.4,57.2,9.46,13.89,17.81
2021-04-30 12:10:14+02:00,248,17.1,55.8,8.48,10.96,12.76
2021-04-30 12:15:14+02:00,249,17.0,56.5,9.86,13.34,16.13
2021-04-30 12:20:14+02:00,250,17.5,54.9,13.5,18.49,22.55
2021-04-30 12:25:15+02:00,251,16.4,57.4,8.24,9.11,9.11
2021-04-30 12:30:14+02:00,252,17.4,54.4,13.65,15.08,15.08
2021-04-30 12:35:14+02:00,253,17.9,54.4,9.76,10.79,10.79
2021-04-30 12:40:14+02:00,254,18.8,52.0,7.4,9.92,11.89
2021-04-30 12:45:15+02:00,255,18.1,51.7,7.68,9.36,10.35
2021-04-30 12:50:15+02:00,256,16.9,56.0,6.05,7.29,7.99
2021-04-30 12:55:14+02:00,257,16.5,56.9,7.84,10.99,13.63
2021-04-30 13:00:19+02:00,258,16.5,58.2,7.87,8.7,8.7
2021-04-30 13:05:14+02:00,259,16.5,58.2,8.28,9.62,10.16
2021-04-30 13:10:15+02:00,260,16.4,58.3,10.94,12.5,12.95
2021-04-30 13:15:15+02:00,261,16.5,57.6,8.43,10.49,11.82
2021-04-30 13:20:15+02:00,262,16.5,56.8,10.35,12.42,13.54
2021-04-30 13:25:14+02:00,263,15.6,58.5,13.35,14.75,14.75
2021-04-30 13:30:14+02:00,264,16.0,56.1,11.99,15.13,17.25
2021-04-30 13:35:15+02:00,265,16.2,56.8,15.47,17.1,17.1
2021-04-30 13:40:15+02:00,266,16.8,55.7,11.55,12.76,12.76
2021-04-30 13:45:14+02:00,267,16.1,56.8,14.68,16.95,17.77
2021-04-30 13:50:14+02:00,268,14.8,61.1,13.66,17.51,20.26
2021-04-30 13:55:15+02:00,269,14.7,59.6,15.11,17.62,18.67
2021-04-30 14:00:15+02:00,270,15.4,58.3,12.15,15.42,17.69
2021-04-30 14:05:14+02:00,271,14.9,58.6,14.92,18.4,20.57
2021-04-30 14:10:14+02:00,272,15.2,56.4,9.31,10.29,10.29
2021-04-30 14:15:14+02:00,273,14.6,59.3,14.89,16.46,16.46
2021-04-30 14:20:14+02:00,274,13.8,59.7,14.33,17.24,18.82
2021-04-30 14:25:15+02:00,275,13.5,61.1,12.26,13.55,13.55
2021-04-30 14:30:14+02:00,276,13.0,63.2,16.0,19.64,21.87
2021-04-30 14:35:14+02:00,277,12.2,64.3,14.64,20.1,24.56
2021-04-30 14:40:14+02:00,278,12.1,64.7,13.93,18.6,22.24
2021-04-30 14:45:14+02:00,279,12.0,65.1,14.84,16.4,16.4
2021-04-30 14:50:15+02:00,280,11.3,66.1,14.63,19.89,24.13
2021-04-30 14:55:15+02:00,281,11.2,67.0,10.07,12.47,13.99
2021-04-30 15:00:15+02:00,282,11.3,67.4,11.84,14.02,15.08
2021-04-30 15:05:15+02:00,283,10.3,74.2,13.45,14.87,14.87
2021-04-30 15:10:14+02:00,284,9.7,76.6,21.08,27.0,31.21
2021-04-30 15:15:14+02:00,285,9.1,82.0,8.57,10.43,11.51
2021-04-30 15:20:14+02:00,286,8.4,85.9,10.39,13.92,16.69
2021-04-30 15:25:15+02:00,287,8.4,87.2,9.17,11.59,13.24
2021-04-30 15:30:17+02:00,288,8.0,94.3,13.76,17.37,19.83
2021-04-30 15:35:14+02:00,289,7.9,94.2,11.8,13.04,13.04
2021-04-30 15:40:15+02:00,290,8.0,94.5,11.4,14.06,15.73
2021-04-30 15:45:14+02:00,291,8.1,94.7,8.44,11.57,14.11
2021-04-30 15:50:15+02:00,292,8.2,94.7,15.35,20.96,25.5
2021-04-30 15:55:14+02:00,293,8.7,94.7,10.81,12.92,14.03
2021-04-30 16:00:17+02:00,294,7.7,94.4,12.94,15.92,17.76
2021-04-30 16:05:15+02:00,295,7.7,94.4,8.27,11.01,13.13
2021-04-30 16:10:15+02:00,296,7.6,94.5,12.31,17.66,22.26
2021-04-30 16:15:14+02:00,297,7.9,94.9,7.59,8.78,9.22
2021-04-30 16:20:14+02:00,298,7.7,94.9,5.73,6.34,6.34
2021-04-30 16:25:14+02:00,299,8.0,94.5,10.63,12.59,13.55
2021-04-30 16:30:14+02:00,300,7.9,94.4,14.85,20.75,25.68
2021-04-30 16:35:15+02:00,301,8.0,94.1,17.43,20.93,22.82
2021-04-30 16:40:15+02:00,302,7.7,93.8,7.42,10.0,12.04
2021-04-30 16:45:15+02:00,303,7.9,94.0,13.23,15.45,16.39
2021-04-30 16:50:14+02:00,304,7.9,93.3,7.42,8.2,8.2
2021-04-30 16:55:14+02:00,305,7.6,93.0,7.5,8.3,8.3
2021-04-30 17:00:14+02:00,306,7.4,93.5,6.27,6.93,6.93
2021-04-30 17:05:15+02:00,307,7.6,94.0,10.1,12.16,13.29
2021-04-30 17:10:14+02:00,308,7.8,93.7,10.02,11.08,11.08
2021-04-30 17:15:17+02:00,309,8.2,93.3,8.93,10.81,11.89
2021-04-30 17:20:17+02:00,310,7.8,92.3,5.0,6.06,6.67
2021-04-30 17:25:14+02:00,311,7.8,92.4,9.78,14.04,17.71
2021-04-30 17:30:20+02:00,312,7.5,93.2,5.3,5.86,5.86
2021-04-30 17:35:15+02:00,313,7.1,92.5,6.15,10.64,15.01
2021-04-30 17:40:14+02:00,314,7.0,94.0,5.01,5.54,5.54
2021-04-30 17:45:14+02:00,315,6.7,94.6,7.67,14.15,20.6
2021-04-30 17:50:15+02:00,316,6.2,94.9,24.71,27.31,27.31
2021-04-30 17:55:15+02:00,317,6.3,94.9,4.76,5.26,5.26
2021-04-30 18:00:14+02:00,318,6.2,95.0,4.21,5.07,5.54
2021-04-30 18:05:14+02:00,319,6.5,95.1,5.07,7.51,9.66
2021-04-30 18:10:14+02:00,320,6.4,95.1,9.04,10.0,10.0
2021-04-30 18:15:15+02:00,321,6.8,95.2,5.59,6.18,6.18
2021-04-30 18:20:15+02:00,322,7.0,95.2,8.42,10.63,12.13
2021-04-30 18:25:15+02:00,323,6.8,95.0,9.35,13.43,16.94
2021-04-30 18:30:14+02:00,324,6.8,95.3,7.27,8.7,9.47
2021-04-30 18:35:14+02:00,325,6.6,95.2,11.72,13.47,14.06
2021-04-30 18:40:15+02:00,326,6.8,95.4,6.66,8.06,8.87
2021-04-30 18:45:15+02:00,327,6.7,95.5,8.21,9.46,9.89
2021-04-30 18:50:14+02:00,328,6.7,95.7,7.22,8.55,9.19
2021-04-30 18:55:14+02:00,329,6.2,95.8,9.54,12.01,13.66
2021-04-30 19:00:14+02:00,330,6.4,95.9,9.71,10.73,10.73
2021-04-30 19:05:14+02:00,331,6.3,95.9,5.03,6.39,7.34
2021-04-30 19:10:15+02:00,332,6.3,96.0,9.78,10.81,10.81
2021-04-30 19:15:14+02:00,333,6.0,96.0,8.72,9.64,9.64
2021-04-30 19:20:14+02:00,334,5.9,96.1,10.29,12.36,13.49
2021-04-30 19:25:14+02:00,335,6.1,96.1,8.66,12.75,16.37
2021-04-30 19:30:14+02:00,336,5.8,96.1,13.99,17.89,20.66
2021-04-30 19:35:15+02:00,337,5.8,96.1,9.96,11.01,11.01
2021-04-30 19:40:17+02:00,338,5.8,96.3,8.92,10.08,10.32
2021-04-30 19:45:15+02:00,339,5.9,96.3,13.27,16.78,19.17
2021-04-30 19:50:14+02:00,340,5.9,96.4,11.46,14.55,16.7
2021-04-30 19:55:14+02:00,341,6.1,96.4,13.52,15.85,16.88
2021-04-30 20:00:14+02:00,342,6.1,96.4,9.55,10.89,11.28
2021-04-30 20:05:15+02:00,343,5.8,96.5,12.26,15.4,17.51
2021-04-30 20:10:15+02:00,344,6.0,96.5,16.98,19.9,21.2
2021-04-30 20:15:14+02:00,345,6.2,96.5,10.87,13.96,16.16
2021-04-30 20:20:52+02:00,346,,,25.25,34.29,41.54
2021-04-30 20:25:14+02:00,347,6.0,96.5,12.91,15.22,16.31
2021-04-30 20:30:52+02:00,348,,,27.43,31.99,33.89
2021-04-30 20:35:32+02:00,349,6.1,96.5,10.86,14.07,16.42
2021-04-30 20:40:15+02:00,350,6.1,96.5,9.03,11.23,12.66
2021-04-30 20:45:48+02:00,351,6.2,96.5,14.63,18.2,20.51
2021-04-30 20:50:52+02:00,352,,,14.46,21.09,26.89
2021-04-30 20:55:37+02:00,353,6.4,96.5,14.11,19.14,23.16
2021-04-30 21:00:14+02:00,354,6.0,96.5,7.52,8.31,8.31
2021-04-30 21:05:49+02:00,355,6.0,96.5,8.58,9.48,9.48
2021-04-30 21:10:17+02:00,356,5.9,96.5,10.42,17.39,24.07
2021-04-30 21:15:52+02:00,357,,,17.19,25.35,32.56
2021-04-30 21:20:51+02:00,358,,,8.18,9.04,9.04
2021-04-30 21:25:52+02:00,359,,,12.14,19.76,26.96
2021-04-30 21:30:30+02:00,360,0.0,3325.1,6.76,7.47,7.47
2021-04-30 21:35:52+02:00,361,,,10.95,17.34,23.29
2021-04-30 21:40:27+02:00,362,6.1,96.6,8.83,9.76,9.76
2021-04-30 21:45:51+02:00,363,,,10.79,12.61,13.38
2021-04-30 21:50:34+02:00,364,6.0,96.6,7.32,9.64,11.39
2021-04-30 21:55:32+02:00,365,5.9,96.6,7.06,11.24,15.15
2021-04-30 22:00:15+02:00,366,5.8,96.6,16.91,33.84,51.06
2021-04-30 22:05:17+02:00,367,5.8,96.6,14.12,22.32,29.96
2021-04-30 22:10:15+02:00,368,5.8,96.6,16.52,25.92,34.63
2021-04-30 22:15:15+02:00,369,6.2,96.6,18.43,21.46,22.71
2021-04-30 22:20:15+02:00,370,6.0,96.7,12.12,16.06,19.08
2021-04-30 22:25:14+02:00,371,0.0,94.3,13.26,25.69,38.22
2021-04-30 22:30:52+02:00,372,,,10.11,12.35,13.69
2021-04-30 22:35:52+02:00,373,,,19.08,39.12,59.61
2021-04-30 22:40:17+02:00,374,5.7,96.7,22.62,34.29,44.85
2021-04-30 22:45:14+02:00,375,5.8,96.7,11.18,14.72,17.41
2021-04-30 22:50:15+02:00,376,5.8,96.7,27.13,58.38,90.66
2021-04-30 22:55:16+02:00,377,6.1,96.7,22.14,40.75,59.25
2021-04-30 23:00:14+02:00,378,6.2,96.8,17.98,30.52,42.61
2021-04-30 23:05:17+02:00,379,6.2,96.8,19.94,34.16,47.94
2021-04-30 23:10:14+02:00,380,6.2,96.8,18.18,30.96,43.31
2021-04-30 23:15:14+02:00,381,6.2,96.8,17.82,26.53,34.3
2021-04-30 23:20:14+02:00,382,5.9,96.7,14.17,21.09,27.27
2021-04-30 23:25:15+02:00,383,6.0,96.8,11.57,16.99,21.76
2021-04-30 23:30:15+02:00,384,6.1,96.8,24.33,41.16,57.39
2021-04-30 23:35:14+02:00,385,6.2,96.8,16.2,22.29,27.26
2021-04-30 23:40:14+02:00,386,6.1,96.8,24.41,49.07,74.18
2021-04-30 23:45:15+02:00,387,6.1,96.8,28.82,53.59,78.3
2021-04-30 23:50:15+02:00,388,6.3,96.8,42.68,90.67,140.11
2021-04-30 23:55:14+02:00,389,6.5,96.8,25.55,50.1,74.95
2021-05-01 00:00:14+02:00,390,6.4,96.8,34.48,67.4,100.69
2021-05-01 00:05:14+02:00,391,6.5,96.9,32.48,68.27,105.06
2021-05-01 00:10:15+02:00,392,6.6,96.8,29.8,53.57,77.03
2021-05-01 00:15:15+02:00,393,6.6,96.8,32.2,53.68,74.24
2021-05-01 00:20:17+02:00,394,6.6,96.9,24.19,44.72,65.17
2021-05-01 00:25:15+02:00,395,6.6,96.9,47.88,106.69,167.82
2021-05-01 00:30:19+02:00,396,6.6,96.9,37.6,63.02,87.42
2021-05-01 00:35:19+02:00,397,6.7,96.9,27.18,43.38,58.52
2021-05-01 00:40:14+02:00,398,6.5,96.9,38.14,65.38,91.77
2021-05-01 00:45:15+02:00,399,6.5,96.9,27.49,45.38,62.42
2021-05-01 00:50:15+02:00,400,6.4,96.9,23.97,39.74,54.8
2021-05-01 00:55:14+02:00,401,6.2,96.9,22.69,37.16,50.89
2021-05-01 01:00:16+02:00,402,6.1,96.9,30.39,53.82,76.83
2021-05-01 01:05:15+02:00,403,6.1,96.9,29.47,61.46,94.31
2021-05-01 01:10:15+02:00,404,6.2,96.9,23.2,43.63,64.07
2021-05-01 01:15:15+02:00,405,6.1,96.9,25.25,48.55,72.01
2021-05-01 01:20:14+02:00,406,6.2,96.9,25.9,54.41,83.71
2021-05-01 01:25:14+02:00,407,6.2,96.9,22.81,47.18,72.13
2021-05-01 01:30:14+02:00,408,6.1,96.9,24.28,49.75,75.79
2021-05-01 01:35:15+02:00,409,6.1,96.9,24.69,43.98,62.94
2021-05-01 01:40:42+02:00,410,6.3,96.9,22.42,33.83,44.12
2021-05-01 01:45:14+02:00,411,6.2,97.0,20.45,28.89,36.04
2021-05-01 01:50:14+02:00,412,6.2,96.9,22.99,40.21,57.03
2021-05-01 01:55:15+02:00,413,6.3,97.0,34.57,62.71,90.57
2021-05-01 02:00:14+02:00,414,6.2,96.9,23.49,33.37,41.78
2021-05-01 02:05:14+02:00,415,6.1,97.0,18.59,32.74,46.6
2021-05-01 02:10:14+02:00,416,6.1,97.0,28.88,51.49,73.73
2021-05-01 02:15:15+02:00,417,6.2,97.0,24.49,43.21,61.57
2021-05-01 02:20:15+02:00,418,6.3,97.0,25.85,39.78,52.53
2021-05-01 02:25:14+02:00,419,6.2,97.0,31.73,64.41,97.75
2021-05-01 02:30:14+02:00,420,6.1,97.0,30.99,49.16,66.1
2021-05-01 02:35:14+02:00,421,6.2,97.0,26.71,60.99,96.76
2021-05-01 02:40:15+02:00,422,6.2,97.0,21.76,43.38,65.35
2021-05-01 02:45:14+02:00,423,6.2,97.0,32.06,55.81,78.96
2021-05-01 02:50:14+02:00,424,6.3,97.0,22.06,39.7,57.12
2021-05-01 02:55:14+02:00,425,6.1,97.0,28.26,54.83,81.64
2021-05-01 03:00:15+02:00,426,6.2,97.0,30.2,58.33,86.68
2021-05-01 03:05:14+02:00,427,6.0,97.0,23.86,44.88,65.92
2021-05-01 03:10:14+02:00,428,6.1,97.0,29.18,56.11,83.24
2021-05-01 03:15:14+02:00,429,6.4,97.0,30.49,54.17,77.43
2021-05-01 03:20:14+02:00,430,6.4,97.0,21.79,35.77,49.06
2021-05-01 03:25:15+02:00,431,6.4,97.1,24.79,40.29,54.95
2021-05-01 03:30:14+02:00,432,6.1,97.0,26.52,47.03,67.17
2021-05-01 03:35:14+02:00,433,6.0,97.0,24.73,35.77,45.36
2021-05-01 03:40:14+02:00,434,5.9,97.0,32.78,62.05,91.4
2021-05-01 03:45:15+02:00,435,5.9,97.0,18.92,37.0,55.28
2021-05-01 03:50:15+02:00,436,5.9,97.0,21.41,43.72,66.51
2021-05-01 03:55:14+02:00,437,5.9,97.0,20.1,29.34,37.43
2021-05-01 04:00:14+02:00,438,5.8,97.0,24.44,45.41,66.32
2021-05-01 04:05:15+02:00,439,5.9,97.0,18.73,33.88,48.85
2021-05-01 04:10:20+02:00,440,5.8,97.0,38.07,84.58,132.88
2021-05-01 04:15:14+02:00,441,5.8,97.1,17.28,32.2,47.08
2021-05-01 04:20:14+02:00,442,5.7,97.1,34.07,56.45,77.8
2021-05-01 04:25:14+02:00,443,5.7,97.0,23.92,45.28,66.7
2021-05-01 04:30:15+02:00,444,5.8,97.0,22.89,36.84,49.96
2021-05-01 04:35:15+02:00,445,5.8,97.1,17.59,33.87,50.27
2021-05-01 04:40:14+02:00,446,5.9,97.1,27.53,43.45,58.25
2021-05-01 04:45:17+02:00,447,5.8,97.1,17.81,31.36,44.63
2021-05-01 04:50:14+02:00,448,5.9,97.1,20.45,39.89,59.54
2021-05-01 04:55:14+02:00,449,5.9,97.1,24.52,43.99,63.18
2021-05-01 05:00:14+02:00,450,5.8,97.1,18.87,30.59,41.65
2021-05-01 05:05:15+02:00,451,5.9,97.1,27.56,58.66,90.71
2021-05-01 05:10:15+02:00,452,6.0,97.1,20.06,28.34,35.36
2021-05-01 05:15:17+02:00,453,6.0,97.1,20.74,35.66,50.13
2021-05-01 05:20:15+02:00,454,6.0,97.1,22.35,47.26,72.9
2021-05-01 05:25:14+02:00,455,6.2,97.1,24.66,36.0,45.93
2021-05-01 05:30:14+02:00,456,6.3,97.1,20.69,32.78,44.05
2021-05-01 05:35:14+02:00,457,6.4,97.2,18.5,35.97,53.6
2021-05-01 05:40:15+02:00,458,6.4,97.2,13.25,23.13,32.78
2021-05-01 05:45:14+02:00,459,6.5,97.2,15.3,26.38,37.15
2021-05-01 05:50:14+02:00,460,6.5,97.2,34.01,50.47,65.11
2021-05-01 05:55:15+02:00,461,6.4,97.2,19.31,37.17,55.16
2021-05-01 06:00:15+02:00,462,6.3,97.2,25.12,39.24,52.27
2021-05-01 06:05:14+02:00,463,6.3,97.2,25.25,45.63,65.77
2021-05-01 06:10:14+02:00,464,6.3,97.2,24.57,31.63,36.72
2021-05-01 06:15:14+02:00,465,6.4,97.2,28.96,50.16,70.79
2021-05-01 06:20:15+02:00,466,6.4,97.2,25.24,42.34,58.75
2021-05-01 06:25:15+02:00,467,6.3,97.2,29.35,58.67,88.48
2021-05-01 06:30:14+02:00,468,6.3,97.2,33.05,54.81,75.58
2021-05-01 06:35:14+02:00,469,6.4,97.2,27.2,48.05,68.49
2021-05-01 06:40:15+02:00,470,6.3,97.2,24.94,41.77,57.9
2021-05-01 06:45:15+02:00,471,6.4,97.2,25.26,48.56,72.03
2021-05-01 06:50:14+02:00,472,6.4,97.2,26.4,40.93,54.28
2021-05-01 06:55:14+02:00,473,6.5,97.2,14.53,24.25,33.56
2021-05-01 07:00:14+02:00,474,6.6,97.2,22.02,45.16,68.83
2021-05-01 07:05:15+02:00,475,6.5,97.2,25.11,42.52,59.31
2021-05-01 07:10:14+02:00,476,6.6,97.3,15.86,31.64,47.68
2021-05-01 07:15:14+02:00,477,6.7,97.2,21.93,40.74,59.49
2021-05-01 07:20:22+02:00,478,6.8,97.3,15.56,23.51,30.68
2021-05-01 07:25:16+02:00,479,6.8,97.3,17.03,30.64,44.07
2021-05-01 07:30:14+02:00,480,6.9,97.3,19.15,31.58,43.4
2021-05-01 07:35:14+02:00,481,7.0,97.3,18.81,40.42,62.72
2021-05-01 07:40:15+02:00,482,6.9,97.3,18.73,35.06,51.38
2021-05-01 07:45:15+02:00,483,7.0,97.3,19.4,26.24,31.7
2021-05-01 07:50:14+02:00,484,7.1,97.3,21.94,38.41,54.5
2021-05-01 07:55:14+02:00,485,7.1,97.3,21.98,36.4,50.15
2021-05-01 08:00:14+02:00,486,7.1,97.3,25.86,52.0,78.62
2021-05-01 08:05:15+02:00,487,7.2,97.3,21.22,28.06,33.3
2021-05-01 08:10:15+02:00,488,7.2,97.3,26.82,51.76,76.91
2021-05-01 08:15:14+02:00,489,7.3,97.3,23.83,37.23,49.6
2021-05-01 08:20:14+02:00,490,7.7,97.3,18.84,31.87,44.43
2021-05-01 08:25:14+02:00,491,7.8,97.4,17.68,30.21,42.34
2021-05-01 08:30:15+02:00,492,7.7,97.4,19.47,28.75,36.96
2021-05-01 08:35:14+02:00,493,8.1,97.4,19.64,39.27,59.24
2021-05-01 08:40:14+02:00,494,8.3,97.3,23.4,43.63,63.83
2021-05-01 08:45:14+02:00,495,8.3,97.3,14.19,18.97,22.72
2021-05-01 08:50:15+02:00,496,8.4,97.3,21.85,33.86,44.9
2021-05-01 08:55:15+02:00,497,8.8,97.3,19.62,27.96,35.09
2021-05-01 09:00:17+02:00,498,9.0,97.3,25.13,33.59,40.19
2021-05-01 09:05:15+02:00,499,8.9,97.3,18.63,29.26,39.12
2021-05-01 09:10:15+02:00,500,8.7,97.3,17.7,23.88,28.79
2021-05-01 09:15:14+02:00,501,8.6,97.2,21.91,39.57,57.02
2021-05-01 09:20:14+02:00,502,8.5,97.0,21.6,37.97,53.99
2021-05-01 09:25:14+02:00,503,8.3,96.8,21.78,39.33,56.66
2021-05-01 09:30:15+02:00,504,8.5,96.9,19.65,32.08,43.85
2021-05-01 09:35:14+02:00,505,8.2,96.8,20.73,34.01,46.62
2021-05-01 09:40:17+02:00,506,8.2,96.8,16.79,22.91,27.86
2021-05-01 09:45:14+02:00,507,8.2,96.7,24.16,35.02,44.48
2021-05-01 09:50:14+02:00,508,8.3,96.7,20.55,44.02,68.24
2021-05-01 09:55:14+02:00,509,8.0,96.6,21.23,32.99,43.82
2021-05-01 10:00:14+02:00,510,8.2,96.7,18.32,28.73,38.38
2021-05-01 10:05:15+02:00,511,8.1,96.7,20.37,36.13,51.6
2021-05-01 10:10:15+02:00,512,8.2,96.5,24.08,33.45,41.22
2021-05-01 10:15:17+02:00,513,8.1,96.6,14.88,21.28,26.76
2021-05-01 10:20:15+02:00,514,8.1,96.6,25.94,40.03,52.93
2021-05-01 10:25:15+02:00,515,8.4,96.6,25.97,42.58,58.36
2021-05-01 10:30:14+02:00,516,8.2,96.6,19.74,30.45,40.27
2021-05-01 10:35:14+02:00,517,8.1,96.4,26.54,40.31,52.78
2021-05-01 10:40:20+02:00,518,8.3,96.6,16.64,24.49,31.41
2021-05-01 10:45:15+02:00,519,8.4,96.6,19.99,22.09,22.09
2021-05-01 10:50:14+02:00,520,8.3,96.3,16.92,25.55,33.33
2021-05-01 10:55:14+02:00,521,8.2,96.5,21.26,30.55,38.57
2021-05-01 11:00:22+02:00,522,8.4,96.1,15.18,26.82,38.24
2021-05-01 11:05:14+02:00,523,8.4,96.1,18.58,27.88,36.22
2021-05-01 11:10:14+02:00,524,8.5,96.2,18.71,27.1,34.4
2021-05-01 11:15:14+02:00,525,8.7,96.0,23.09,40.97,58.52
2021-05-01 11:20:14+02:00,526,8.8,96.1,16.69,22.57,27.26
2021-05-01 11:25:15+02:00,527,8.6,96.1,26.9,40.19,52.08
2021-05-01 11:30:14+02:00,528,8.7,96.0,22.19,40.81,59.32
2021-05-01 11:35:14+02:00,529,8.8,95.9,18.22,23.67,27.68
2021-05-01 11:40:14+02:00,530,8.7,96.1,22.39,34.78,46.18
2021-05-01 11:45:15+02:00,531,8.4,96.1,26.4,44.64,62.22
2021-05-01 11:50:14+02:00,532,8.6,96.2,17.24,30.82,44.21
2021-05-01 11:55:14+02:00,533,8.7,96.4,22.02,35.51,48.22
2021-05-01 12:00:14+02:00,534,8.5,96.3,25.87,34.53,41.29
2021-05-01 12:05:17+02:00,535,8.3,96.4,18.65,25.42,30.88
2021-05-01 12:10:14+02:00,536,8.3,96.4,20.95,30.03,37.85
2021-05-01 12:15:15+02:00,537,8.3,96.3,21.31,29.71,36.7
2021-05-01 12:20:15+02:00,538,8.5,96.0,17.21,29.9,42.27
2021-05-01 12:25:15+02:00,539,8.4,95.9,19.49,31.85,43.57
2021-05-01 12:30:14+02:00,540,8.5,96.1,22.62,41.21,59.62
2021-05-01 12:35:14+02:00,541,8.5,96.2,17.87,26.89,35.0
2021-05-01 12:40:15+02:00,542,8.8,96.1,17.01,21.4,24.36
2021-05-01 12:45:15+02:00,543,9.0,96.0,12.3,16.09,18.92
2021-05-01 12:50:14+02:00,544,9.1,95.7,16.09,23.41,29.8
2021-05-01 12:55:17+02:00,545,8.9,96.2,16.87,22.08,25.97
2021-05-01 13:00:14+02:00,546,8.9,96.2,17.28,23.91,29.38
2021-05-01 13:05:14+02:00,547,8.8,96.0,22.2,29.53,35.21
2021-05-01 13:10:14+02:00,548,8.9,96.0,14.43,21.22,27.21
2021-05-01 13:20:15+02:00,549,8.8,96.0,16.9,21.01,23.66
2021-05-01 13:25:14+02:00,550,8.7,96.3,15.62,24.66,33.06
2021-05-01 13:30:14+02:00,551,8.6,96.3,19.1,26.96,33.61
2021-05-01 13:35:17+02:00,552,8.9,96.5,15.79,22.78,28.84
2021-05-01 13:40:14+02:00,553,8.8,96.5,8.87,11.35,13.12
2021-05-01 13:45:14+02:00,554,8.7,96.3,15.25,25.4,35.11
2021-05-01 13:50:15+02:00,555,8.4,96.5,16.16,28.28,40.13
2021-05-01 13:55:14+02:00,556,8.5,96.1,14.5,18.75,21.84
2021-05-01 14:00:14+02:00,557,8.3,96.2,10.41,14.03,16.91
2021-05-01 14:05:14+02:00,558,8.3,96.0,11.07,14.74,17.6
2021-05-01 14:10:17+02:00,559,8.6,96.4,18.93,21.73,22.65
2021-05-01 14:15:14+02:00,560,8.6,96.5,15.32,25.68,35.63
2021-05-01 14:20:15+02:00,561,8.6,96.4,16.07,24.94,33.11
2021-05-01 14:25:15+02:00,562,8.6,96.4,13.92,18.69,22.44
2021-05-01 14:30:15+02:00,563,8.7,96.4,15.37,18.64,20.52
2021-05-01 14:35:14+02:00,564,8.7,96.2,13.74,16.65,18.3
2021-05-01 14:40:14+02:00,565,9.0,96.3,13.51,20.53,26.89
2021-05-01 14:45:15+02:00,566,9.2,96.2,10.97,13.74,15.58
2021-05-01 14:50:15+02:00,567,9.3,96.3,13.54,16.82,18.92
2021-05-01 14:55:14+02:00,568,9.3,96.3,17.13,23.07,27.78
2021-05-01 15:00:14+02:00,569,9.2,96.3,13.88,21.88,29.3
2021-05-01 15:05:14+02:00,570,9.1,96.6,17.88,25.32,31.65
2021-05-01 15:10:15+02:00,571,9.1,96.5,17.59,23.46,28.04
2021-05-01 15:15:14+02:00,572,9.2,96.4,12.13,15.66,18.21
2021-05-01 15:20:14+02:00,573,9.2,96.1,17.53,20.26,21.25
2021-05-01 15:25:17+02:00,574,9.3,96.5,12.88,17.59,21.4
2021-05-01 15:30:14+02:00,575,9.2,96.5,9.05,11.42,13.02
2021-05-01 15:35:14+02:00,576,9.2,96.3,15.18,22.07,28.1
2021-05-01 15:40:14+02:00,577,9.5,96.4,13.18,21.38,29.11
2021-05-01 15:45:15+02:00,578,9.5,96.2,15.5,21.44,26.35
2021-05-01 15:50:15+02:00,579,9.0,96.0,16.92,22.21,26.2
2021-05-01 15:55:14+02:00,580,9.0,96.5,15.71,22.76,28.9
2021-05-01 16:00:14+02:00,581,9.2,96.3,12.91,15.92,17.8
2021-05-01 16:05:15+02:00,582,9.1,96.2,9.27,12.59,15.25
2021-05-01 16:10:14+02:00,583,8.9,96.2,12.11,15.49,17.89
2021-05-01 16:15:14+02:00,584,8.4,96.3,14.42,23.45,31.98
2021-05-01 16:20:14+02:00,585,8.6,96.8,10.81,15.92,20.44
2021-05-01 16:25:14+02:00,586,8.5,96.8,18.94,23.73,26.91
2021-05-01 16:30:15+02:00,587,8.4,96.9,12.21,19.75,26.86
2021-05-01 16:35:14+02:00,588,8.3,97.0,16.52,24.19,30.93
2021-05-01 16:40:14+02:00,589,8.3,96.9,16.76,19.51,20.61
2021-05-01 16:45:14+02:00,590,8.2,96.8,14.15,21.63,28.44
2021-05-01 16:50:15+02:00,591,8.1,97.0,20.2,31.3,41.49
2021-05-01 16:55:15+02:00,592,7.9,97.0,15.48,31.61,48.1
2021-05-01 17:00:14+02:00,593,8.1,97.1,19.4,31.28,42.46
2021-05-01 17:05:14+02:00,594,7.9,97.0,24.45,45.14,65.73
2021-05-01 17:10:14+02:00,595,7.8,97.0,14.9,23.39,31.26
2021-05-01 17:15:15+02:00,596,7.4,96.8,17.78,32.55,47.21
2021-05-01 17:20:15+02:00,597,7.6,96.9,18.52,31.14,43.28
2021-05-01 17:25:15+02:00,598,7.3,96.9,16.72,30.49,44.13
2021-05-01 17:30:14+02:00,599,7.4,97.1,22.69,32.66,41.27
2021-05-01 17:35:14+02:00,600,7.6,97.1,24.5,38.55,51.6
2021-05-01 17:40:17+02:00,601,7.4,97.1,17.69,30.31,42.52
2021-05-01 17:45:17+02:00,602,7.5,97.1,22.9,37.24,50.8
2021-05-01 17:50:15+02:00,603,7.5,97.1,23.74,45.44,67.27
2021-05-01 17:55:14+02:00,604,7.2,96.9,28.38,62.23,97.32
2021-05-01 18:00:14+02:00,605,7.4,96.9,20.22,32.62,44.28
2021-05-01 18:05:14+02:00,606,7.4,96.9,22.42,32.93,42.18
2021-05-01 18:10:15+02:00,607,7.2,96.7,16.51,24.24,31.04
2021-05-01 18:15:14+02:00,608,7.2,97.1,19.18,30.31,40.67
2021-05-01 18:20:14+02:00,609,7.1,96.9,19.09,24.63,28.64
2021-05-01 18:25:14+02:00,610,6.9,96.9,24.43,44.2,63.74
2021-05-01 18:30:14+02:00,611,7.0,97.0,14.42,18.19,20.75
2021-05-01 18:35:15+02:00,612,6.9,96.8,26.41,35.03,41.67
2021-05-01 18:40:14+02:00,613,7.0,97.0,17.42,24.93,31.39
2021-05-01 18:45:14+02:00,614,6.9,97.1,20.34,35.18,49.62
2021-05-01 18:47:27+02:00,615,6.7,97.0,15.78,23.07,29.47
2021-05-01 18:50:15+02:00,616,6.7,97.0,26.2,40.85,54.37
2021-05-01 18:55:15+02:00,617,6.9,97.1,18.97,29.94,40.13
2021-05-01 19:00:14+02:00,618,6.8,97.1,19.25,28.0,35.64
2021-05-01 19:05:14+02:00,619,6.6,97.1,13.62,20.68,27.07
2021-05-01 19:10:14+02:00,620,6.6,97.0,18.41,26.52,33.54
2021-05-01 19:15:15+02:00,621,6.6,97.1,18.46,26.13,32.63
2021-05-01 19:20:15+02:00,622,6.5,97.1,20.57,30.41,39.13
2021-05-01 19:25:14+02:00,623,6.5,97.1,21.12,40.57,60.14
2021-05-01 19:30:14+02:00,624,6.4,97.1,15.96,24.4,32.07
2021-05-01 19:35:14+02:00,625,6.3,97.2,28.74,41.97,53.56
2021-05-01 19:40:15+02:00,626,6.4,97.2,17.21,23.59,28.78
2021-05-01 19:45:15+02:00,627,6.5,97.3,17.51,27.0,35.7
2021-05-01 19:50:14+02:00,628,6.4,97.2,26.32,35.75,43.32
2021-05-01 19:55:14+02:00,629,6.4,97.2,21.52,43.53,65.97
2021-05-01 20:00:14+02:00,630,6.4,97.3,21.34,30.32,37.99
2021-05-01 20:10:17+02:00,631,6.4,97.2,17.97,29.8,41.1
2021-05-01 20:15:16+02:00,632,6.4,97.3,15.0,24.45,33.4
2021-05-01 20:20:14+02:00,633,6.4,97.3,19.4,27.57,34.52
2021-05-01 20:25:14+02:00,634,6.4,97.3,29.6,43.57,55.9
2021-05-01 20:30:14+02:00,635,6.3,97.3,14.91,25.99,36.79
2021-05-01 20:35:15+02:00,636,6.3,97.3,27.83,54.74,82.01
2021-05-01 20:40:14+02:00,637,6.5,97.4,20.04,32.75,44.79
2021-05-01 20:45:14+02:00,638,6.2,97.2,15.93,30.8,45.79
2021-05-01 20:50:14+02:00,639,6.2,97.3,22.91,42.48,61.99
2021-05-01 20:55:15+02:00,640,6.3,97.3,20.84,33.06,44.46
2021-05-01 21:00:14+02:00,641,6.2,97.3,22.03,37.53,52.51
2021-05-01 21:05:19+02:00,642,6.2,97.3,31.46,52.63,72.94
2021-05-01 21:10:14+02:00,643,6.2,97.3,43.72,86.78,130.48
2021-05-01 21:15:15+02:00,644,6.3,97.3,22.56,33.62,43.48
2021-05-01 21:20:15+02:00,645,6.4,97.3,14.4,20.06,24.76
2021-05-01 21:25:14+02:00,646,6.3,97.3,22.09,37.6,52.58
2021-05-01 21:30:14+02:00,647,6.1,97.2,19.03,36.0,53.0
2021-05-01 21:35:14+02:00,648,6.2,97.4,18.26,32.61,46.75
2021-05-01 21:40:15+02:00,649,6.2,97.3,15.12,24.53,33.41
2021-05-01 21:45:14+02:00,650,6.1,97.3,8.0,11.33,14.16
2021-05-01 21:50:14+02:00,651,6.1,97.3,11.93,16.5,20.26
2021-05-01 21:55:14+02:00,652,6.1,97.3,19.34,32.02,44.11
2021-05-01 22:00:14+02:00,653,6.2,97.3,22.52,46.37,70.78
2021-05-01 22:05:15+02:00,654,6.2,97.3,10.3,12.87,14.55
2021-05-01 22:10:14+02:00,655,6.1,97.3,22.25,50.4,79.73
2021-05-01 22:15:14+02:00,656,6.1,97.3,16.06,23.06,29.1
2021-05-01 22:20:14+02:00,657,6.1,97.3,12.11,17.69,22.59
2021-05-01 22:25:20+02:00,658,6.1,97.2,20.39,35.27,49.75
2021-05-01 22:30:15+02:00,659,6.1,97.2,6.2,8.28,9.89
2021-05-01 22:35:15+02:00,660,6.1,97.3,14.47,19.54,23.58
2021-05-01 22:40:15+02:00,661,6.0,97.2,13.19,27.39,41.95
2021-05-01 22:45:14+02:00,662,6.0,97.2,17.27,34.57,52.16
2021-05-01 22:50:14+02:00,663,6.1,97.2,7.35,9.36,10.77
2021-05-01 22:55:15+02:00,664,6.0,97.2,9.72,10.74,10.74
2021-05-01 23:00:15+02:00,665,5.9,97.4,16.77,37.76,59.62
2021-05-01 23:05:14+02:00,666,5.8,97.5,8.03,13.89,19.59
2021-05-01 23:10:14+02:00,667,5.6,97.5,4.11,4.54,4.54
2021-05-01 23:15:14+02:00,668,5.3,97.4,10.39,12.24,13.1
2021-05-01 23:20:15+02:00,669,5.2,97.5,7.36,12.19,16.8
2021-05-01 23:25:15+02:00,670,5.2,97.5,11.12,12.3,12.3
2021-05-01 23:30:14+02:00,671,4.9,97.4,6.59,11.25,15.74
2021-05-01 23:35:19+02:00,672,4.7,97.5,2.73,4.6,6.4
2021-05-01 23:40:14+02:00,673,4.8,97.4,4.74,6.31,7.54
2021-05-01 23:45:15+02:00,674,4.7,97.5,3.09,4.61,5.97
2021-05-01 23:50:15+02:00,675,4.8,97.5,7.14,9.74,11.84
2021-05-01 23:55:19+02:00,676,4.9,97.5,4.91,6.84,8.46
2021-05-02 00:00:14+02:00,677,4.9,97.5,3.95,6.51,8.96
2021-05-02 00:05:14+02:00,678,4.6,97.5,5.93,15.85,26.42
2021-05-02 00:10:15+02:00,679,4.5,97.5,4.02,4.44,4.44
2021-05-02 00:15:15+02:00,680,4.7,97.5,3.45,6.15,8.81
2021-05-02 00:20:14+02:00,681,4.7,97.5,2.86,3.16,3.16
2021-05-02 00:25:14+02:00,682,4.4,97.4,2.35,2.59,2.59
2021-05-02 00:30:14+02:00,683,4.3,97.4,0.71,1.37,2.05
2021-05-02 00:35:15+02:00,684,4.2,97.4,3.84,6.12,8.26
2021-05-02 00:40:14+02:00,685,4.2,97.5,4.99,7.09,8.89
2021-05-02 00:45:14+02:00,686,4.4,97.5,2.95,3.26,3.26
2021-05-02 00:50:14+02:00,687,4.4,97.4,6.36,10.04,13.47
2021-05-02 00:55:15+02:00,688,4.6,97.5,3.6,7.17,10.81
2021-05-02 01:00:15+02:00,689,4.8,97.5,5.4,10.73,16.15
2021-05-02 01:05:20+02:00,690,4.9,97.5,7.86,8.69,8.69
2021-05-02 01:10:15+02:00,691,4.9,97.5,9.29,18.42,27.68
2021-05-02 01:15:14+02:00,692,5.0,97.5,1.9,2.1,2.1
2021-05-02 01:20:22+02:00,693,4.9,97.5,2.56,2.83,2.83
2021-05-02 01:25:14+02:00,694,4.9,97.5,5.28,9.21,13.04
2021-05-02 01:30:15+02:00,695,5.0,97.5,1.92,2.12,2.12
2021-05-02 01:35:15+02:00,696,4.9,97.5,5.45,11.64,18.02
2021-05-02 01:40:15+02:00,697,5.0,97.5,2.57,3.39,4.01
2021-05-02 01:45:15+02:00,698,5.1,97.5,2.24,3.73,5.15
2021-05-02 01:50:14+02:00,699,4.9,97.4,3.88,6.39,8.77
2021-05-02 01:55:14+02:00,700,5.0,97.4,11.24,20.71,30.13
2021-05-02 02:00:15+02:00,701,5.0,97.4,2.58,4.13,5.58
2021-05-02 02:05:15+02:00,702,4.8,97.4,0.9,1.82,2.75
2021-05-02 02:10:14+02:00,703,4.9,97.5,6.97,13.55,20.2
2021-05-02 02:15:15+02:00,704,4.7,97.5,1.55,2.17,2.69
2021-05-02 02:20:14+02:00,705,4.7,97.4,1.03,2.02,3.03
2021-05-02 02:25:14+02:00,706,4.8,97.4,1.25,1.7,2.08
2021-05-02 02:30:15+02:00,707,4.9,97.4,6.74,18.03,30.05
2021-05-02 02:35:14+02:00,708,5.1,97.5,1.92,2.65,3.25
2021-05-02 02:40:14+02:00,709,5.1,97.5,1.96,3.25,4.49
2021-05-02 02:45:14+02:00,710,5.1,97.5,2.4,3.22,3.85
2021-05-02 02:50:15+02:00,711,5.1,97.6,8.46,11.76,14.5
2021-05-02 02:55:15+02:00,712,5.1,97.5,3.61,7.1,10.64
2021-05-02 03:00:15+02:00,713,5.2,97.5,4.55,5.03,5.03
2021-05-02 03:05:14+02:00,714,5.1,97.5,3.95,4.37,4.37
2021-05-02 03:10:14+02:00,715,5.1,97.5,7.53,11.66,15.46
2021-05-02 03:15:14+02:00,716,5.2,97.5,4.51,4.98,4.98
2021-05-02 03:20:15+02:00,717,5.2,97.6,3.56,3.94,3.94
2021-05-02 03:25:15+02:00,718,5.1,97.5,3.97,4.39,4.39
2021-05-02 03:30:14+02:00,719,5.1,97.5,1.95,3.14,4.27
2021-05-02 03:35:14+02:00,720,5.2,97.6,3.2,5.86,8.51
2021-05-02 03:40:15+02:00,721,5.2,97.5,0.85,1.74,2.66
2021-05-02 03:45:20+02:00,722,5.3,97.5,2.53,4.23,5.87
2021-05-02 03:50:18+02:00,723,5.3,97.6,1.32,1.89,2.38
2021-05-02 03:55:15+02:00,724,5.3,97.5,2.0,3.6,5.17
2021-05-02 04:00:15+02:00,725,5.3,97.5,4.29,8.09,11.91
2021-05-02 04:05:14+02:00,726,5.3,97.5,6.3,12.26,18.28
2021-05-02 04:10:14+02:00,727,5.2,97.5,4.07,7.14,10.14
2021-05-02 04:15:14+02:00,728,5.1,97.5,5.16,8.79,12.3
2021-05-02 04:20:14+02:00,729,5.2,97.6,1.77,1.96,1.96
2021-05-02 04:25:15+02:00,730,5.1,97.6,2.27,2.51,2.51
2021-05-02 04:30:17+02:00,731,5.0,97.5,1.8,1.99,1.99
2021-05-02 04:35:14+02:00,732,5.0,97.6,2.61,4.21,5.72
2021-05-02 04:40:15+02:00,733,4.8,97.5,2.78,3.08,3.08
2021-05-02 04:45:14+02:00,734,4.7,97.5,2.34,3.55,4.64
2021-05-02 04:50:14+02:00,735,4.7,97.5,7.57,12.75,17.73
2021-05-02 04:55:14+02:00,736,4.7,97.5,2.5,3.51,4.36
2021-05-02 05:00:14+02:00,737,4.8,97.6,2.27,2.51,2.51
2021-05-02 05:05:14+02:00,738,4.8,97.6,5.15,8.37,11.41
2021-05-02 05:10:15+02:00,739,4.9,97.6,3.5,6.43,9.35
2021-05-02 05:15:14+02:00,740,4.9,97.6,3.26,5.51,7.68
2021-05-02 05:20:14+02:00,741,5.0,97.6,2.52,3.55,4.42
2021-05-02 05:25:14+02:00,742,5.0,97.6,2.68,4.15,5.5
2021-05-02 05:30:15+02:00,743,5.0,97.6,1.53,3.21,4.94
2021-05-02 05:35:15+02:00,744,5.0,97.6,1.25,1.71,2.09
2021-05-02 05:40:14+02:00,745,5.0,97.6,4.62,8.31,11.96
2021-05-02 05:50:14+02:00,746,4.9,97.6,2.9,3.2,3.2
2021-05-02 05:55:14+02:00,747,4.9,97.6,2.02,3.23,4.37
2021-05-02 06:00:14+02:00,748,4.9,97.6,2.9,3.2,3.2
2021-05-02 06:05:15+02:00,749,5.0,97.6,5.0,5.53,5.53
2021-05-02 06:10:14+02:00,750,4.9,97.6,9.11,11.74,13.64
2021-05-02 06:15:14+02:00,751,5.0,97.7,4.08,7.28,10.43
2021-05-02 06:20:14+02:00,752,5.0,97.6,4.27,5.88,7.2
2021-05-02 06:25:15+02:00,753,5.0,97.6,4.01,6.54,8.94
2021-05-02 06:30:15+02:00,754,5.1,97.6,6.16,9.04,11.56
2021-05-02 06:35:14+02:00,755,5.1,97.6,4.36,5.5,6.27
2021-05-02 06:40:14+02:00,756,5.2,97.6,3.81,4.78,5.43
2021-05-02 06:45:15+02:00,757,5.3,97.7,8.04,14.09,20.02
2021-05-02 06:50:15+02:00,758,5.2,97.6,6.81,11.08,15.12
2021-05-02 06:55:14+02:00,759,5.2,97.6,10.8,19.26,27.58
2021-05-02 07:00:14+02:00,760,5.3,97.6,6.8,12.85,18.91
2021-05-02 07:05:15+02:00,761,5.4,97.7,5.83,8.26,10.33
2021-05-02 07:10:15+02:00,762,5.4,97.7,6.1,8.51,10.51
2021-05-02 07:15:14+02:00,763,5.4,97.7,6.86,10.26,13.3
2021-05-02 07:20:14+02:00,764,5.3,97.6,7.17,11.38,15.3
2021-05-02 07:25:16+02:00,765,5.4,97.7,8.64,9.55,9.55
2021-05-02 07:30:14+02:00,766,5.4,97.6,7.92,9.68,10.74
2021-05-02 07:35:15+02:00,767,5.1,97.6,15.16,25.41,35.24
2021-05-02 07:40:15+02:00,768,5.3,97.7,5.4,6.48,7.06
2021-05-02 07:45:14+02:00,769,5.1,97.7,9.16,13.69,17.76
2021-05-02 07:50:14+02:00,770,5.3,97.7,19.36,36.33,53.3
2021-05-02 07:55:14+02:00,771,5.4,97.7,19.84,31.08,41.49
2021-05-02 08:00:20+02:00,772,5.3,97.7,14.73,21.6,27.64
2021-05-02 08:05:17+02:00,773,5.6,97.7,22.2,36.07,49.19
2021-05-02 08:10:17+02:00,774,5.8,97.7,11.88,14.51,16.07
2021-05-02 08:15:14+02:00,775,5.8,97.7,29.01,53.69,78.27
2021-05-02 08:20:16+02:00,776,6.1,97.7,13.66,21.09,27.89
2021-05-02 08:25:14+02:00,777,6.1,97.7,20.42,36.61,52.56
2021-05-02 08:30:19+02:00,778,6.3,97.7,15.59,28.2,40.67
2021-05-02 08:35:17+02:00,779,6.3,97.7,11.13,14.91,17.88
2021-05-02 08:40:14+02:00,780,6.4,97.7,21.78,36.52,50.66
2021-05-02 08:45:15+02:00,781,6.2,97.7,14.95,18.42,20.57
2021-05-02 08:50:15+02:00,782,6.3,97.6,18.68,27.08,34.4
2021-05-02 08:55:14+02:00,783,6.3,97.7,14.13,17.01,18.59
2021-05-02 09:00:14+02:00,784,6.5,97.6,17.49,28.34,38.58
2021-05-02 09:05:15+02:00,785,6.7,97.7,19.46,33.96,48.11
2021-05-02 09:10:15+02:00,786,6.5,97.7,15.57,25.0,33.85
2021-05-02 09:15:14+02:00,787,6.4,97.6,17.05,23.25,28.26
2021-05-02 09:20:14+02:00,788,6.5,97.7,15.48,19.41,22.03
2021-05-02 09:25:16+02:00,789,7.2,97.7,10.63,14.77,18.2
2021-05-02 09:30:14+02:00,790,7.2,97.7,10.41,15.67,20.4
2021-05-02 09:35:14+02:00,791,7.6,97.8,9.92,14.86,19.29
2021-05-02 09:40:15+02:00,792,7.2,97.7,7.31,11.83,16.09
2021-05-02 09:45:15+02:00,793,7.1,97.7,12.29,20.7,28.8
2021-05-02 09:50:15+02:00,794,7.3,97.7,5.24,8.46,11.48
2021-05-02 09:55:14+02:00,795,7.8,97.7,7.47,8.26,8.26
2021-05-02 10:00:14+02:00,796,7.5,97.6,5.61,9.29,12.81
2021-05-02 10:05:15+02:00,797,7.3,97.7,6.99,10.62,13.92
2021-05-02 10:10:15+02:00,798,7.7,97.7,5.9,8.58,10.92
2021-05-02 10:15:17+02:00,799,7.6,97.6,9.26,13.65,17.52
2021-05-02 10:20:15+02:00,800,7.6,97.6,6.52,8.05,9.01
2021-05-02 10:25:15+02:00,801,7.6,97.7,9.46,12.53,14.88
2021-05-02 10:30:14+02:00,802,8.0,97.6,7.8,12.64,17.2
2021-05-02 10:35:14+02:00,803,7.9,97.5,3.89,6.05,8.05
2021-05-02 10:40:15+02:00,804,7.9,97.7,6.44,7.12,7.12
2021-05-02 10:45:15+02:00,805,8.1,97.6,5.0,6.54,7.69
2021-05-02 10:50:14+02:00,806,8.0,97.6,12.08,16.6,20.28
2021-05-02 10:55:14+02:00,807,8.3,97.8,6.53,7.22,7.22
2021-05-02 11:00:15+02:00,808,8.4,97.7,3.92,5.76,7.39
2021-05-02 11:05:17+02:00,809,9.0,97.6,7.13,7.88,7.88
2021-05-02 11:10:14+02:00,810,9.0,97.6,6.59,7.29,7.29
2021-05-02 11:15:15+02:00,811,9.1,97.5,5.11,7.43,9.45
2021-05-02 11:20:15+02:00,812,8.5,97.6,11.83,14.77,16.71
2021-05-02 11:25:14+02:00,813,8.3,97.6,7.55,8.34,8.34
2021-05-02 11:30:17+02:00,814,9.5,97.5,6.35,7.58,8.21
2021-05-02 11:35:14+02:00,815,9.6,97.5,4.97,5.5,5.5
2021-05-02 11:40:14+02:00,816,10.9,97.7,8.74,10.09,10.59
2021-05-02 11:45:14+02:00,817,11.2,97.5,9.61,14.92,19.8
2021-05-02 11:50:15+02:00,818,11.1,97.3,5.43,6.33,6.7
2021-05-02 11:55:14+02:00,819,11.1,97.5,8.04,10.67,12.71
2021-05-02 12:00:14+02:00,820,11.5,97.6,8.44,9.33,9.33
2021-05-02 12:05:14+02:00,821,11.6,97.6,7.92,9.15,9.6
2021-05-02 12:10:24+02:00,822,11.6,97.4,7.26,9.38,10.93
2021-05-02 12:15:15+02:00,823,11.6,97.4,4.93,5.45,5.45
2021-05-02 12:20:17+02:00,824,11.7,97.3,7.93,10.88,13.27
2021-05-02 12:25:14+02:00,825,11.7,97.3,9.11,10.07,10.07
2021-05-02 12:30:15+02:00,826,11.9,97.8,7.19,7.94,7.94
2021-05-02 12:35:17+02:00,827,10.5,97.0,6.55,7.37,7.52
2021-05-02 12:40:14+02:00,828,10.5,97.1,8.07,8.93,8.93
2021-05-02 12:45:15+02:00,829,10.1,97.3,6.93,8.73,9.93
2021-05-02 12:50:15+02:00,830,9.8,97.2,9.0,9.95,9.95
2021-05-02 12:55:17+02:00,831,9.3,97.4,9.15,10.12,10.12
2021-05-02 13:00:17+02:00,832,9.1,97.4,9.4,11.0,11.68
2021-05-02 13:05:14+02:00,833,9.1,97.4,12.2,13.48,13.48
2021-05-02 13:10:15+02:00,834,10.2,97.3,4.72,7.79,10.71
2021-05-02 13:15:15+02:00,835,10.4,97.2,10.47,11.57,11.57
2021-05-02 13:20:14+02:00,836,11.2,97.0,8.98,9.93,9.93
2021-05-02 13:25:14+02:00,837,11.6,97.0,8.15,10.58,12.38
2021-05-02 13:30:14+02:00,838,11.5,97.1,6.56,7.49,7.77
2021-05-02 13:35:15+02:00,839,11.8,97.0,9.23,10.2,10.2
2021-05-02 13:40:15+02:00,840,12.1,96.7,6.48,7.77,8.46
2021-05-02 13:45:17+02:00,841,11.7,96.8,11.34,14.2,16.09
2021-05-02 13:50:15+02:00,842,11.7,96.8,10.44,14.32,17.49
2021-05-02 13:55:14+02:00,843,12.5,96.6,10.81,14.15,16.65
2021-05-02 14:00:14+02:00,844,12.4,96.4,10.78,11.92,11.92
2021-05-02 14:05:14+02:00,845,13.0,95.9,6.47,7.15,7.15
2021-05-02 14:10:15+02:00,846,12.8,94.6,8.18,11.39,14.05
2021-05-02 14:15:17+02:00,847,12.3,96.0,8.53,9.43,9.43
2021-05-02 14:20:14+02:00,848,12.3,96.0,11.89,13.14,13.14
2021-05-02 14:25:15+02:00,849,11.1,95.8,8.84,10.69,11.72
2021-05-02 14:30:14+02:00,850,9.7,93.8,8.84,9.78,9.78
2021-05-02 14:35:14+02:00,851,7.3,94.0,11.41,14.23,16.07
2021-05-02 14:40:14+02:00,852,5.1,95.9,25.35,46.71,67.97
2021-05-02 14:45:17+02:00,853,4.2,97.3,28.17,56.46,85.23
2021-05-02 14:50:19+02:00,854,4.2,97.4,38.19,66.71,94.57
2021-05-02 15:15:15+02:00,855,4.2,97.4,61.82,129.88,199.84
2021-05-02 15:20:15+02:00,856,8.2,98.0,41.0,86.49,133.29
2021-05-02 15:25:14+02:00,857,8.8,98.1,49.23,92.38,135.53
2021-05-02 15:30:14+02:00,858,9.2,98.1,38.87,78.14,118.12
2021-05-02 15:35:15+02:00,859,9.9,98.1,22.85,31.92,39.5
2021-05-02 15:40:15+02:00,860,10.0,98.2,36.26,66.16,95.8
2021-05-02 15:45:14+02:00,861,10.0,98.2,21.69,25.69,27.65
2021-05-02 15:50:14+02:00,862,9.6,98.2,17.12,22.98,27.6
2021-05-02 15:55:19+02:00,863,9.2,98.2,31.32,57.32,83.12
2021-05-02 16:00:15+02:00,864,9.2,98.2,15.02,17.05,17.56
2021-05-02 16:05:14+02:00,865,8.8,98.2,34.87,61.32,87.23
2021-05-02 16:10:14+02:00,866,9.3,98.2,17.38,22.9,27.09
2021-05-02 16:15:14+02:00,867,9.2,98.3,15.3,18.66,20.64
2021-05-02 16:20:14+02:00,868,6.6,98.0,17.07,23.28,28.29
2021-05-02 16:25:15+02:00,869,6.6,98.0,17.55,23.7,28.6
2021-05-02 16:30:14+02:00,870,6.3,98.0,16.24,19.58,21.43
2021-05-02 16:35:14+02:00,871,6.0,98.0,33.56,68.92,105.1
2021-05-02 16:40:14+02:00,872,6.0,98.0,66.73,138.82,212.76
2021-05-02 16:45:15+02:00,873,8.2,98.2,55.56,115.45,176.87
2021-05-02 16:50:15+02:00,874,8.8,98.3,39.51,61.09,80.9
2021-05-02 16:55:14+02:00,875,8.2,98.2,21.2,40.36,59.61
2021-05-02 17:00:14+02:00,876,0.0,0.0,36.91,77.81,119.87
2021-05-02 17:05:15+02:00,877,0.0,0.0,38.48,77.62,117.51
2021-05-02 17:10:15+02:00,878,7.1,98.2,31.18,42.52,51.68
2021-05-02 17:15:16+02:00,879,7.4,98.2,30.73,53.49,75.68
2021-05-02 17:20:15+02:00,880,7.5,98.3,29.9,61.23,93.28
2021-05-02 17:25:14+02:00,881,7.3,98.2,37.53,71.37,105.35
2021-05-02 17:30:14+02:00,882,0.0,99.9,28.44,43.03,56.21
2021-05-02 17:35:14+02:00,883,7.5,98.2,33.57,63.66,93.84
2021-05-02 17:40:15+02:00,884,7.8,98.2,20.04,26.72,31.91
2021-05-02 17:45:14+02:00,885,6.9,98.2,24.68,27.28,27.28
2021-05-02 17:50:14+02:00,886,7.1,98.2,30.07,48.77,66.43
2021-05-02 17:55:14+02:00,887,7.1,98.2,26.57,41.08,54.39
2021-05-02 18:00:15+02:00,888,6.8,98.2,28.28,50.12,71.57
2021-05-02 18:05:15+02:00,889,6.7,98.1,34.72,61.1,86.93
2021-05-02 18:10:17+02:00,890,6.5,98.1,42.92,77.47,111.6
2021-05-02 18:15:20+02:00,891,6.7,98.1,34.1,69.68,106.04
2021-05-02 18:20:15+02:00,892,6.7,98.1,32.36,55.33,77.57
2021-05-02 18:25:15+02:00,893,6.5,98.1,33.84,55.43,75.92
2021-05-02 18:30:14+02:00,894,6.4,98.1,30.94,40.07,46.75
2021-05-02 18:35:14+02:00,895,6.4,98.1,31.02,38.59,43.48
2021-05-02 18:40:14+02:00,896,6.5,98.0,25.81,40.9,54.96
2021-05-02 18:45:15+02:00,897,6.5,98.0,23.6,33.11,41.1
2021-05-02 18:50:14+02:00,898,6.4,98.0,38.79,64.77,89.65
2021-05-02 18:55:14+02:00,899,6.4,98.0,33.2,54.76,75.31
2021-05-02 19:00:14+02:00,900,6.4,98.0,34.58,60.11,84.99
2021-05-02 19:05:15+02:00,901,6.5,98.0,25.49,36.36,45.67
2021-05-02 19:10:14+02:00,902,6.5,98.0,19.26,21.29,21.29
2021-05-02 19:15:14+02:00,903,6.0,98.0,30.87,42.62,52.27
2021-05-02 19:20:14+02:00,904,5.9,97.9,23.54,29.28,32.99
2021-05-02 19:25:15+02:00,905,5.7,97.8,35.97,56.19,74.86
2021-05-02 19:30:15+02:00,906,5.7,97.8,19.13,24.97,29.33
2021-05-02 19:35:14+02:00,907,5.6,97.7,30.14,43.13,54.28
2021-05-02 19:40:14+02:00,908,5.6,96.2,27.19,45.24,62.51
2021-05-02 19:45:14+02:00,909,5.5,96.2,40.68,60.81,78.82
2021-05-02 19:50:17+02:00,910,5.2,95.4,43.09,74.52,105.09
2021-05-02 19:55:14+02:00,911,5.1,95.3,37.35,65.9,93.88
2021-05-02 20:00:15+02:00,912,5.2,94.9,39.91,72.1,103.92
2021-05-02 20:05:15+02:00,913,5.0,94.5,32.23,50.2,66.76
2021-05-02 20:10:14+02:00,914,5.1,94.0,21.75,30.65,38.16
2021-05-02 20:15:14+02:00,915,5.0,93.8,42.0,88.93,137.26
2021-05-02 20:20:14+02:00,916,4.9,93.6,31.67,49.03,64.97
2021-05-02 20:25:15+02:00,917,5.2,93.3,39.6,78.14,117.21
2021-05-02 20:30:20+02:00,918,5.2,92.8,48.61,87.54,125.96
2021-05-02 20:35:14+02:00,919,5.2,92.8,28.48,54.11,79.84
2021-05-02 20:40:14+02:00,920,5.1,92.8,36.18,48.64,58.46
2021-05-02 20:45:14+02:00,921,5.1,92.7,30.9,53.0,74.43
2021-05-02 20:50:15+02:00,922,5.2,92.4,30.33,51.54,72.02
2021-05-02 20:55:20+02:00,923,5.2,92.0,50.94,95.0,138.99
2021-05-02 21:00:14+02:00,924,5.2,92.0,34.5,68.8,103.65
2021-05-02 21:05:14+02:00,925,5.2,91.9,28.03,44.59,60.05
2021-05-02 21:10:15+02:00,926,5.1,91.8,23.97,44.48,64.92
2021-05-02 21:15:15+02:00,927,4.9,91.8,35.49,66.32,97.1
2021-05-02 21:20:15+02:00,928,5.0,91.9,36.76,73.23,110.29
2021-05-02 21:25:15+02:00,929,5.0,92.0,41.09,57.79,71.86
2021-05-02 21:30:14+02:00,930,4.9,92.1,27.28,38.75,48.51
2021-05-02 21:35:14+02:00,931,4.8,92.0,29.89,42.09,52.38
2021-05-02 21:40:15+02:00,932,4.9,92.0,39.39,80.19,121.86
2021-05-02 21:45:15+02:00,933,5.1,92.1,30.09,36.51,40.21
2021-05-02 21:50:17+02:00,934,5.1,92.0,32.25,47.96,61.96
2021-05-02 21:55:15+02:00,935,5.1,92.0,30.04,41.92,51.82
2021-05-02 22:00:14+02:00,936,5.1,91.9,22.05,30.67,37.83
2021-05-02 22:05:14+02:00,937,5.1,91.9,25.54,36.68,46.29
2021-05-02 22:10:14+02:00,938,5.1,91.8,21.34,33.19,44.11
2021-05-02 22:15:15+02:00,939,5.1,91.8,31.98,50.29,67.28
2021-05-02 22:20:15+02:00,940,5.0,91.8,23.89,39.76,54.94
2021-05-02 22:25:14+02:00,941,4.9,91.8,25.89,39.34,51.54
2021-05-02 22:30:14+02:00,942,4.7,91.8,28.96,42.7,54.85
2021-05-02 22:35:14+02:00,943,4.7,91.8,24.68,32.92,39.32
2021-05-02 22:40:15+02:00,944,4.6,91.8,35.84,64.34,92.45
2021-05-02 22:45:14+02:00,945,4.6,91.8,23.68,39.78,55.24
2021-05-02 22:50:14+02:00,946,4.5,91.8,21.6,27.22,31.03
2021-05-02 22:55:16+02:00,947,4.3,91.8,27.62,38.99,48.61
2021-05-02 23:00:14+02:00,948,4.3,91.8,31.11,56.72,82.09
2021-05-02 23:05:14+02:00,949,4.3,91.7,34.71,51.49,66.42
2021-05-02 23:10:15+02:00,950,4.5,91.7,24.54,41.47,57.77
2021-05-02 23:15:15+02:00,951,4.5,91.8,29.04,46.43,62.71
2021-05-02 23:20:14+02:00,952,4.6,91.8,23.64,38.51,52.58
2021-05-02 23:25:14+02:00,953,4.6,91.8,18.59,24.22,28.39
2021-05-02 23:30:14+02:00,954,4.7,91.8,17.72,25.87,33.01
2021-05-02 23:35:15+02:00,955,4.7,91.8,20.56,27.13,32.13
2021-05-02 23:40:15+02:00,956,4.7,91.9,17.79,23.89,28.69
2021-05-02 23:45:19+02:00,957,4.8,91.9,28.34,35.54,40.32
2021-05-02 23:50:14+02:00,958,4.8,91.9,20.63,27.47,32.78
2021-05-02 23:55:14+02:00,959,4.7,92.0,23.6,41.46,58.94
2021-05-03 00:00:15+02:00,960,4.8,92.0,19.15,28.41,36.65
2021-05-03 00:05:14+02:00,961,4.7,92.0,19.77,33.27,46.26
2021-05-03 00:10:14+02:00,962,4.6,91.9,28.19,52.8,77.39
2021-05-03 00:15:14+02:00,963,4.6,91.9,19.49,26.23,31.56
2021-05-03 00:20:15+02:00,964,4.5,91.9,24.28,37.41,49.44
2021-05-03 00:25:15+02:00,965,4.4,92.0,21.26,28.99,35.22
2021-05-03 00:30:17+02:00,966,4.4,91.9,21.22,31.44,40.52
2021-05-03 00:35:15+02:00,967,4.4,91.9,19.35,30.29,40.41
2021-05-03 00:40:14+02:00,968,4.4,92.0,24.53,33.81,41.42
2021-05-03 00:45:14+02:00,969,4.4,92.0,23.89,43.48,62.9
2021-05-03 00:50:15+02:00,970,4.5,92.0,22.83,36.91,50.18
2021-05-03 00:55:14+02:00,971,4.5,92.0,18.85,27.05,34.12
2021-05-03 01:00:17+02:00,972,4.6,91.9,17.68,28.6,38.89
2021-05-03 01:05:15+02:00,973,4.6,91.9,22.13,35.84,48.77
2021-05-03 01:10:14+02:00,974,4.5,91.9,26.83,42.77,57.67
2021-05-03 01:15:14+02:00,975,4.6,91.9,22.49,43.02,63.68
2021-05-03 01:20:14+02:00,976,4.6,91.8,20.03,28.61,35.98
2021-05-03 01:25:15+02:00,977,4.6,91.8,27.47,46.4,64.62
2021-05-03 01:30:14+02:00,978,4.6,91.8,18.03,22.63,25.7
2021-05-03 01:35:14+02:00,979,4.7,91.8,21.46,26.91,30.52
2021-05-03 01:40:14+02:00,980,4.7,91.8,20.08,29.88,38.62
2021-05-03 01:45:15+02:00,981,4.7,91.7,21.03,30.47,38.69
2021-05-03 01:50:14+02:00,982,4.7,91.7,22.17,39.85,57.3
2021-05-03 01:55:14+02:00,983,4.7,91.7,12.66,15.2,16.58
2021-05-03 02:00:14+02:00,984,4.7,91.7,17.93,28.07,37.45
2021-05-03 02:05:15+02:00,985,4.7,91.7,14.77,17.15,18.09
2021-05-03 02:10:14+02:00,986,4.5,91.6,27.61,45.44,62.4
2021-05-03 02:15:15+02:00,987,4.5,91.7,24.33,41.02,57.08
2021-05-03 02:20:15+02:00,988,4.5,91.6,29.92,37.95,43.5
2021-05-03 02:25:14+02:00,989,4.6,91.7,27.93,37.39,44.81
2021-05-03 02:30:14+02:00,990,4.6,91.7,16.43,21.5,25.3
2021-05-03 02:35:15+02:00,991,4.5,91.7,19.53,26.5,32.09
2021-05-03 02:40:16+02:00,992,4.5,91.7,30.89,43.78,54.74
2021-05-03 02:45:14+02:00,993,4.6,91.7,24.88,33.38,40.08
2021-05-03 02:50:14+02:00,994,4.5,91.7,18.13,30.83,43.1
2021-05-03 02:55:14+02:00,995,4.3,91.7,25.28,34.1,41.11
2021-05-03 03:00:15+02:00,996,4.2,91.7,25.73,46.2,66.38
2021-05-03 03:05:14+02:00,997,4.0,91.7,21.89,40.23,58.46
2021-05-03 03:10:14+02:00,998,3.8,91.7,24.97,34.27,41.84
2021-05-03 03:15:14+02:00,999,3.7,91.7,19.68,29.53,38.37
2021-05-03 03:20:15+02:00,1000,3.5,91.6,18.12,31.93,45.47
2021-05-03 03:25:15+02:00,1001,3.4,91.6,25.84,46.96,67.88
2021-05-03 03:30:14+02:00,1002,3.3,91.6,29.26,52.8,76.06
2021-05-03 03:35:14+02:00,1003,3.3,91.6,21.36,32.04,41.62
2021-05-03 03:40:14+02:00,1004,3.3,91.6,19.71,28.86,36.9
2021-05-03 03:45:15+02:00,1005,3.4,91.6,22.39,33.97,44.46
2021-05-03 03:50:22+02:00,1006,3.4,91.6,21.36,32.66,42.96
2021-05-03 03:55:14+02:00,1007,3.4,91.6,18.31,26.32,33.23
2021-05-03 04:00:15+02:00,1008,3.3,91.6,29.73,37.97,43.78
2021-05-03 04:05:15+02:00,1009,3.2,91.6,25.33,35.71,44.47
2021-05-03 04:10:14+02:00,1010,3.1,91.6,23.96,33.38,41.23
2021-05-03 04:15:14+02:00,1011,3.2,91.6,23.67,32.49,39.68
2021-05-03 04:20:14+02:00,1012,3.2,91.6,25.62,37.3,47.51
2021-05-03 04:25:15+02:00,1013,3.1,91.6,25.68,39.3,51.71
2021-05-03 04:30:15+02:00,1014,3.2,91.6,26.35,37.25,46.5
2021-05-03 04:35:15+02:00,1015,3.3,91.6,23.9,38.39,52.01
2021-05-03 04:40:15+02:00,1016,3.3,91.7,25.07,42.31,58.91
2021-05-03 04:45:15+02:00,1017,3.2,91.7,25.8,36.65,45.89
2021-05-03 04:50:14+02:00,1018,3.0,91.6,18.56,31.2,43.34
2021-05-03 04:55:14+02:00,1019,2.9,91.6,30.35,61.51,93.31
2021-05-03 05:00:15+02:00,1020,2.8,91.6,20.29,29.54,37.63
2021-05-03 05:05:15+02:00,1021,2.7,91.6,23.86,33.29,41.15
2021-05-03 05:10:15+02:00,1022,2.6,91.6,19.76,27.62,34.18
2021-05-03 05:15:14+02:00,1023,2.5,91.6,25.31,35.5,44.05
2021-05-03 05:20:14+02:00,1024,2.5,91.6,23.44,39.42,54.79
2021-05-03 05:25:14+02:00,1025,2.5,91.6,26.24,37.34,46.81
2021-05-03 05:30:15+02:00,1026,2.5,91.6,25.45,43.11,60.13
2021-05-03 05:35:15+02:00,1027,2.5,91.6,26.73,44.2,60.86
2021-05-03 05:40:15+02:00,1028,2.4,91.6,24.83,46.22,67.57
2021-05-03 05:45:15+02:00,1029,2.3,91.5,23.35,34.98,45.41
2021-05-03 05:50:14+02:00,1030,2.4,91.5,36.52,57.35,76.65
2021-05-03 05:55:14+02:00,1031,2.3,91.5,27.39,42.35,56.07
2021-05-03 06:00:15+02:00,1032,2.3,91.6,27.74,46.08,63.6
2021-05-03 06:05:17+02:00,1033,2.3,91.5,27.06,44.44,60.96
2021-05-03 06:10:15+02:00,1034,2.3,91.6,36.33,57.9,78.06
2021-05-03 06:15:15+02:00,1035,2.3,91.5,22.81,34.9,45.9
2021-05-03 06:20:15+02:00,1036,2.2,91.5,26.5,46.74,66.58
2021-05-03 06:25:17+02:00,1037,2.2,91.5,22.86,33.9,43.72
2021-05-03 06:30:15+02:00,1038,2.2,91.5,33.2,57.31,80.74
2021-05-03 06:35:14+02:00,1039,2.3,91.6,18.64,30.84,42.47
2021-05-03 06:40:14+02:00,1040,2.4,91.6,26.97,35.51,42.0
2021-05-03 06:45:14+02:00,1041,2.5,91.6,26.73,38.12,47.87
2021-05-03 06:50:15+02:00,1042,2.6,91.6,27.63,43.93,59.14
2021-05-03 06:55:14+02:00,1043,2.7,91.6,30.11,48.3,65.37
2021-05-03 07:00:14+02:00,1044,2.8,91.6,19.98,33.25,45.95
2021-05-03 07:05:14+02:00,1045,2.9,91.7,29.01,36.0,40.48
2021-05-03 07:10:15+02:00,1046,3.0,91.7,21.73,34.77,47.01
2021-05-03 07:15:22+02:00,1047,3.2,91.7,28.03,38.73,47.54
2021-05-03 07:20:14+02:00,1048,3.2,91.7,30.61,42.48,52.31
2021-05-03 07:25:16+02:00,1049,3.3,91.7,31.34,48.94,65.2
2021-05-03 07:30:15+02:00,1050,3.5,91.7,28.93,45.91,61.74
2021-05-03 07:35:14+02:00,1051,3.7,91.8,27.6,37.74,45.97
2021-05-03 07:40:14+02:00,1052,3.8,91.8,26.24,42.82,58.53
2021-05-03 07:45:15+02:00,1053,3.9,91.8,24.35,38.2,51.03
2021-05-03 07:50:15+02:00,1054,4.0,91.8,27.52,48.02,68.02
2021-05-03 07:55:14+02:00,1055,4.2,91.9,26.35,37.85,47.78
2021-05-03 08:00:14+02:00,1056,4.4,91.9,25.78,39.43,51.87
2021-05-03 08:05:16+02:00,1057,4.6,91.9,22.72,39.27,55.36
2021-05-03 08:10:14+02:00,1058,4.6,91.9,20.01,35.59,50.9
2021-05-03 08:15:14+02:00,1059,4.7,92.0,19.99,33.65,46.78
2021-05-03 08:20:15+02:00,1060,4.8,92.0,17.42,23.19,27.66
2021-05-03 08:25:14+02:00,1061,5.0,92.0,18.77,22.04,23.52
2021-05-03 08:30:15+02:00,1062,5.1,92.0,21.38,26.8,30.39
2021-05-03 08:35:15+02:00,1063,5.2,92.0,24.46,27.04,27.04
2021-05-03 08:40:14+02:00,1064,5.2,92.1,26.81,33.47,37.82
2021-05-03 08:45:15+02:00,1065,5.2,92.1,17.22,20.4,21.95
2021-05-03 08:50:14+02:00,1066,5.3,92.1,18.55,22.65,25.08
2021-05-03 08:55:15+02:00,1067,5.4,92.1,16.22,20.5,23.44
2021-05-03 09:00:14+02:00,1068,5.4,92.1,17.76,25.74,32.68
2021-05-03 09:05:14+02:00,1069,5.5,92.1,18.65,22.15,23.9
2021-05-03 09:10:14+02:00,1070,5.7,92.1,13.31,16.91,19.41
2021-05-03 09:15:15+02:00,1071,5.9,92.2,17.12,26.77,35.69
2021-05-03 09:20:17+02:00,1072,5.9,92.2,25.63,30.91,33.84
2021-05-03 09:25:15+02:00,1073,5.9,92.2,12.07,14.17,15.11
2021-05-03 09:30:14+02:00,1074,5.9,92.2,24.18,36.15,46.86
2021-05-03 09:35:15+02:00,1075,6.2,92.2,17.76,25.42,31.99
2021-05-03 09:40:15+02:00,1076,6.3,92.3,14.87,17.5,18.71
2021-05-03 09:45:14+02:00,1077,6.0,92.2,19.35,26.79,32.94
2021-05-03 09:50:14+02:00,1078,6.0,92.3,13.48,17.76,21.02
2021-05-03 09:55:15+02:00,1079,5.8,92.3,17.76,24.85,30.77
2021-05-03 10:00:15+02:00,1080,6.1,92.3,14.59,16.92,17.83
2021-05-03 10:05:14+02:00,1081,6.1,92.4,17.25,21.93,25.19
2021-05-03 10:10:14+02:00,1082,6.5,92.4,18.23,29.77,40.72
2021-05-03 10:15:16+02:00,1083,6.6,92.5,16.5,20.07,22.16
2021-05-03 10:20:14+02:00,1084,6.6,92.5,13.71,19.48,24.4
2021-05-03 10:25:14+02:00,1085,7.2,92.5,12.57,15.84,18.05
2021-05-03 10:30:15+02:00,1086,7.8,92.6,14.75,17.46,18.77
2021-05-03 10:35:15+02:00,1087,7.3,92.6,12.32,13.62,13.62
2021-05-03 10:40:14+02:00,1088,7.0,92.6,10.41,11.5,11.5
2021-05-03 10:45:14+02:00,1089,7.6,92.6,16.32,22.97,28.58
2021-05-03 10:50:14+02:00,1090,7.5,92.4,12.2,13.49,13.49
2021-05-03 10:55:17+02:00,1091,8.8,92.7,16.49,18.49,18.8
2021-05-03 11:00:14+02:00,1092,8.8,92.7,8.77,9.69,9.69
2021-05-03 11:05:17+02:00,1093,9.5,92.5,9.17,12.35,14.86
2021-05-03 11:10:14+02:00,1094,9.5,92.5,14.21,15.71,15.71
2021-05-03 11:15:14+02:00,1095,9.6,92.5,12.7,19.53,25.78
2021-05-03 11:20:15+02:00,1096,9.5,92.6,10.18,11.26,11.26
2021-05-03 11:25:14+02:00,1097,9.7,92.5,10.86,12.01,12.01
2021-05-03 11:30:14+02:00,1098,9.4,92.5,6.16,7.09,7.42
2021-05-03 11:35:14+02:00,1099,10.0,92.4,6.87,7.59,7.59
2021-05-03 11:40:15+02:00,1100,10.6,92.3,9.16,12.87,15.99
2021-05-03 11:45:14+02:00,1101,10.6,92.3,10.77,11.9,11.9
2021-05-03 11:50:14+02:00,1102,10.5,92.2,13.27,18.45,22.75
2021-05-03 11:55:14+02:00,1103,10.5,92.2,9.97,12.34,13.83
2021-05-03 12:00:17+02:00,1104,9.6,92.2,5.09,5.62,5.62
2021-05-03 12:05:14+02:00,1105,9.6,92.2,7.2,8.8,9.76
2021-05-03 12:10:15+02:00,1106,9.7,92.2,8.54,9.44,9.44
2021-05-03 12:15:15+02:00,1107,9.4,92.2,4.23,4.67,4.67
2021-05-03 12:20:14+02:00,1108,9.7,92.2,9.2,13.08,16.4
2021-05-03 12:25:14+02:00,1109,9.4,92.2,7.7,10.25,12.24
2021-05-03 12:30:14+02:00,1110,10.1,92.2,6.94,7.67,7.67
2021-05-03 12:35:15+02:00,1111,9.8,92.1,6.8,7.52,7.52
2021-05-03 12:40:14+02:00,1112,9.9,92.1,6.83,7.55,7.55
2021-05-03 12:45:14+02:00,1113,10.5,92.2,8.27,10.09,11.17
2021-05-03 12:50:14+02:00,1114,10.3,92.3,6.2,6.85,6.85
2021-05-03 12:55:15+02:00,1115,9.6,92.3,6.04,10.31,14.44
2021-05-03 13:00:17+02:00,1116,9.8,92.1,9.67,11.92,13.32
2021-05-03 13:05:15+02:00,1117,9.7,92.0,4.97,6.56,7.78
2021-05-03 13:10:15+02:00,1118,10.2,92.0,5.08,7.39,9.41
2021-05-03 13:15:17+02:00,1119,10.6,92.0,5.54,8.0,10.13
2021-05-03 13:20:15+02:00,1120,10.6,92.0,2.25,2.49,2.49
2021-05-03 13:25:15+02:00,1121,10.4,92.0,6.21,11.69,17.17
2021-05-03 13:30:14+02:00,1122,9.7,92.0,4.93,9.01,13.05
2021-05-03 13:35:14+02:00,1123,10.0,92.0,4.37,4.83,4.83
2021-05-03 13:40:15+02:00,1124,10.2,92.0,7.47,8.7,9.22
2021-05-03 13:45:15+02:00,1125,9.8,92.0,6.18,10.96,15.64
2021-05-03 13:50:14+02:00,1126,10.2,92.0,6.32,9.04,11.38
2021-05-03 13:55:14+02:00,1127,10.1,92.0,3.9,4.31,4.31
2021-05-03 14:00:15+02:00,1128,9.7,92.0,5.79,6.4,6.4
2021-05-03 14:05:15+02:00,1129,9.6,92.0,6.9,9.59,11.83
2021-05-03 14:10:14+02:00,1130,9.5,92.1,5.24,5.79,5.79
2021-05-03 14:15:14+02:00,1131,10.1,92.1,3.56,3.93,3.93
2021-05-03 14:20:14+02:00,1132,10.8,92.1,6.23,6.88,6.88
2021-05-03 14:25:15+02:00,1133,10.7,92.1,7.04,11.6,15.93
2021-05-03 14:30:15+02:00,1134,10.7,92.1,3.03,3.63,3.95
2021-05-03 14:35:15+02:00,1135,10.5,92.1,5.19,5.74,5.74
2021-05-03 14:40:14+02:00,1136,10.7,92.1,7.08,9.08,10.51
2021-05-03 14:45:14+02:00,1137,10.5,92.1,5.4,7.1,8.39
2021-05-03 14:50:15+02:00,1138,11.4,92.2,2.71,3.91,4.95
2021-05-03 14:55:15+02:00,1139,10.8,92.2,6.84,7.56,7.56
2021-05-03 15:00:17+02:00,1140,11.3,92.2,2.93,3.77,4.37
2021-05-03 15:05:15+02:00,1141,11.3,92.3,3.96,6.25,8.39
2021-05-03 15:10:14+02:00,1142,12.1,92.3,5.63,8.23,10.51
2021-05-03 15:15:14+02:00,1143,11.9,92.3,5.68,6.28,6.28
2021-05-03 15:20:14+02:00,1144,12.1,92.3,10.07,13.08,15.3
2021-05-03 15:25:15+02:00,1145,12.4,92.3,5.16,5.7,5.7
2021-05-03 15:30:15+02:00,1146,10.9,92.3,2.72,4.26,5.68
2021-05-03 15:35:15+02:00,1147,12.1,92.3,5.7,6.3,6.3
2021-05-03 15:40:19+02:00,1148,12.5,92.4,8.14,10.38,11.96
2021-05-03 15:45:17+02:00,1149,12.5,92.4,5.62,8.28,10.64
2021-05-03 15:50:14+02:00,1150,12.5,92.4,4.65,5.14,5.14
2021-05-03 15:55:14+02:00,1151,11.7,92.3,7.95,8.79,8.79
2021-05-03 16:00:14+02:00,1152,11.2,92.3,4.27,5.52,6.43
2021-05-03 16:05:15+02:00,1153,11.4,92.4,5.26,5.82,5.82
2021-05-03 16:10:20+02:00,1154,13.6,92.2,4.56,5.04,5.04
2021-05-03 16:15:14+02:00,1155,13.6,92.2,3.28,5.09,6.76
2021-05-03 16:20:14+02:00,1156,14.2,92.2,2.4,2.65,2.65
2021-05-03 16:25:14+02:00,1157,13.5,92.3,4.34,6.1,7.59
2021-05-03 16:30:15+02:00,1158,13.1,94.5,4.83,6.24,7.27
2021-05-03 16:35:15+02:00,1159,14.5,56.1,5.7,6.3,6.3
2021-05-03 16:40:14+02:00,1160,14.6,55.5,4.61,5.1,5.1
2021-05-03 16:45:14+02:00,1161,14.7,47.9,4.37,6.28,7.92
2021-05-03 16:50:14+02:00,1162,18.7,36.8,3.81,5.65,7.28
2021-05-03 16:55:15+02:00,1163,24.5,32.6,4.82,6.12,7.02
2021-05-03 17:00:17+02:00,1164,26.7,25.4,2.96,3.27,3.27
2021-05-03 17:05:14+02:00,1165,26.6,25.4,5.62,8.26,10.58
2021-05-03 17:10:17+02:00,1166,21.7,29.8,2.3,2.54,2.54
2021-05-03 17:15:14+02:00,1167,21.7,29.9,7.15,9.93,12.23
2021-05-03 17:20:14+02:00,1168,27.2,24.7,5.06,5.6,5.6
2021-05-03 17:25:15+02:00,1169,28.9,24.4,6.61,8.57,10.01
2021-05-03 17:30:17+02:00,1170,17.7,35.6,4.7,5.2,5.2
2021-05-03 17:35:15+02:00,1171,17.7,35.7,3.5,3.87,3.87
2021-05-03 17:40:15+02:00,1172,17.1,36.5,4.59,5.08,5.08
2021-05-03 17:45:14+02:00,1173,18.3,37.4,7.89,8.72,8.72
2021-05-03 17:50:14+02:00,1174,20.7,32.3,3.81,5.43,6.83
2021-05-03 17:55:16+02:00,1175,19.2,34.2,4.7,5.19,5.19
2021-05-03 18:00:14+02:00,1176,19.1,34.2,4.24,5.35,6.1
2021-05-03 18:05:14+02:00,1177,22.9,30.1,4.86,6.5,7.78
2021-05-03 18:10:15+02:00,1178,27.8,25.4,5.3,5.86,5.86
2021-05-03 18:15:15+02:00,1179,31.1,23.1,4.18,5.23,5.91
2021-05-03 18:20:14+02:00,1180,30.7,22.5,4.34,5.97,7.31
2021-05-03 18:25:14+02:00,1181,29.5,24.1,2.04,2.25,2.25
2021-05-03 18:30:14+02:00,1182,32.2,21.5,7.33,8.1,8.1
2021-05-03 18:35:15+02:00,1183,31.4,21.8,5.92,7.42,8.41
2021-05-03 18:40:15+02:00,1184,30.3,22.9,5.43,6.0,6.0
2021-05-03 18:45:15+02:00,1185,30.6,22.9,2.16,2.39,2.39
2021-05-03 18:50:14+02:00,1186,28.9,25.3,6.23,6.89,6.89
2021-05-03 18:55:14+02:00,1187,26.8,26.3,4.28,5.72,6.85
2021-05-03 19:00:15+02:00,1188,30.9,22.9,8.47,9.36,9.36
2021-05-03 19:05:15+02:00,1189,27.8,24.9,5.83,6.44,6.44
2021-05-03 19:10:16+02:00,1190,28.8,23.8,6.9,7.63,7.63
2021-05-03 19:15:14+02:00,1191,26.6,25.7,7.6,14.85,22.18
2021-05-03 19:20:15+02:00,1192,24.9,27.1,1.87,2.28,2.53
2021-05-03 19:25:15+02:00,1193,25.0,26.9,7.54,12.04,16.26
2021-05-03 19:30:14+02:00,1194,24.7,27.1,3.69,5.11,6.28
2021-05-03 19:35:17+02:00,1195,22.1,29.0,3.91,6.42,8.81
2021-05-03 19:40:17+02:00,1196,23.8,28.2,3.23,5.37,7.42
2021-05-03 19:45:15+02:00,1197,23.9,28.2,4.05,4.48,4.48
2021-05-03 19:50:15+02:00,1198,23.5,29.3,5.4,7.72,9.71
2021-05-03 19:55:14+02:00,1199,23.5,29.4,4.57,5.05,5.05
2021-05-03 20:00:19+02:00,1200,21.8,30.9,6.15,6.79,6.79
2021-05-03 20:05:17+02:00,1201,20.2,33.6,2.92,3.23,3.23
2021-05-03 20:10:14+02:00,1202,20.2,33.6,2.92,3.22,3.22
2021-05-03 20:15:14+02:00,1203,20.0,32.8,3.45,3.82,3.82
2021-05-03 20:20:17+02:00,1204,16.7,38.7,4.56,7.48,10.24
2021-05-03 20:25:14+02:00,1205,16.7,38.7,3.46,3.82,3.82
2021-05-03 20:30:14+02:00,1206,15.0,42.1,3.51,3.88,3.88
2021-05-03 20:35:14+02:00,1207,13.7,45.9,4.39,6.89,9.2
2021-05-03 20:40:15+02:00,1208,12.7,48.3,5.11,5.65,5.65
2021-05-03 20:45:15+02:00,1209,12.1,50.4,2.37,2.62,2.62
2021-05-03 20:50:14+02:00,1210,11.5,53.0,2.92,3.23,3.23
2021-05-03 20:55:14+02:00,1211,10.9,55.2,2.93,3.24,3.24
2021-05-03 21:00:16+02:00,1212,10.0,57.8,3.19,5.68,8.12
2021-05-03 21:05:14+02:00,1213,10.0,57.8,1.39,1.92,2.35
2021-05-03 21:10:14+02:00,1214,9.6,58.8,4.59,5.07,5.07
2021-05-03 21:15:15+02:00,1215,9.3,60.1,3.95,6.09,8.05
2021-05-03 21:20:17+02:00,1216,8.8,62.7,3.0,3.32,3.32
2021-05-03 21:25:14+02:00,1217,8.8,62.7,1.92,2.35,2.6
2021-05-03 21:30:15+02:00,1218,8.7,63.7,3.7,4.08,4.08
2021-05-03 21:35:15+02:00,1219,8.4,64.7,4.07,4.5,4.5
2021-05-03 21:40:15+02:00,1220,8.2,65.8,3.08,3.4,3.4
2021-05-03 21:45:14+02:00,1221,8.0,66.1,2.45,2.99,3.31
2021-05-03 21:50:17+02:00,1222,7.8,67.3,4.59,7.48,10.22
2021-05-03 21:55:14+02:00,1223,7.8,67.3,3.9,5.55,6.95
2021-05-03 22:00:14+02:00,1224,7.8,67.1,4.27,4.72,4.72
2021-05-03 22:05:14+02:00,1225,7.6,67.4,4.49,5.86,6.89
2021-05-03 22:10:14+02:00,1226,7.5,67.6,6.0,7.42,8.32
2021-05-03 22:15:15+02:00,1227,7.7,67.2,5.07,5.61,5.61
2021-05-03 22:20:15+02:00,1228,7.7,66.9,4.28,5.48,6.33
2021-05-03 22:25:17+02:00,1229,7.5,66.9,5.89,7.06,7.68
2021-05-03 22:30:17+02:00,1230,7.4,67.2,5.71,6.31,6.31
2021-05-03 22:35:14+02:00,1231,7.5,67.2,3.15,3.49,3.49
2021-05-03 22:40:15+02:00,1232,7.4,67.2,4.38,6.11,7.54
2021-05-03 22:45:14+02:00,1233,7.6,66.0,4.77,5.28,5.28
2021-05-03 22:50:14+02:00,1234,7.4,67.0,8.26,10.29,11.61
2021-05-03 22:55:14+02:00,1235,7.3,67.4,3.7,5.26,6.59
2021-05-03 23:00:15+02:00,1236,7.3,67.4,5.93,8.74,11.23
2021-05-03 23:05:15+02:00,1237,7.2,67.7,6.65,14.16,21.9
2021-05-03 23:10:14+02:00,1238,7.2,68.8,5.85,6.78,7.14
2021-05-03 23:15:14+02:00,1239,7.2,68.8,7.52,8.55,8.82
2021-05-03 23:20:14+02:00,1240,7.0,69.2,4.45,6.64,8.61
2021-05-03 23:25:15+02:00,1241,7.2,68.2,4.23,4.68,4.68
2021-05-03 23:30:15+02:00,1242,7.1,68.3,4.25,4.7,4.7
2021-05-03 23:35:14+02:00,1243,7.1,68.4,5.21,5.76,5.76
2021-05-03 23:40:14+02:00,1244,7.1,68.3,7.22,9.51,11.24
2021-05-03 23:45:15+02:00,1245,7.1,68.6,8.38,11.27,13.55
2021-05-03 23:50:15+02:00,1246,6.8,69.6,4.11,4.54,4.54
2021-05-03 23:55:15+02:00,1247,7.0,68.9,4.2,4.64,4.64
2021-05-04 00:00:14+02:00,1248,6.9,69.3,5.39,9.2,12.87
2021-05-04 00:05:14+02:00,1249,6.8,70.4,4.52,6.84,8.93
2021-05-04 00:10:15+02:00,1250,6.7,70.9,10.26,17.26,23.98
2021-05-04 00:15:15+02:00,1251,6.8,70.8,4.3,5.67,6.71
2021-05-04 00:20:14+02:00,1252,6.6,70.7,9.05,10.01,10.01
2021-05-04 00:25:14+02:00,1253,6.5,70.8,5.59,7.68,9.38
2021-05-04 00:30:14+02:00,1254,6.6,70.0,4.6,5.08,5.08
2021-05-04 00:35:15+02:00,1255,6.8,69.3,4.64,6.51,8.08
2021-05-04 00:40:17+02:00,1256,6.7,70.1,6.88,7.6,7.6
2021-05-04 00:45:15+02:00,1257,6.7,70.1,6.3,6.97,6.97
2021-05-04 00:50:17+02:00,1258,6.3,71.6,3.61,3.99,3.99
2021-05-04 00:55:14+02:00,1259,6.3,71.6,4.13,4.57,4.57
2021-05-04 01:00:17+02:00,1260,6.4,72.0,4.21,7.55,10.84
2021-05-04 01:05:15+02:00,1261,6.6,70.6,5.74,6.34,6.34
2021-05-04 01:10:14+02:00,1262,6.4,71.6,2.9,3.21,3.21
2021-05-04 01:15:14+02:00,1263,6.5,71.0,5.0,6.13,6.82
2021-05-04 01:20:14+02:00,1264,6.3,72.1,5.44,6.92,7.96
2021-05-04 01:25:17+02:00,1265,6.7,70.0,4.74,5.24,5.24
2021-05-04 01:30:14+02:00,1266,6.7,70.0,2.5,2.76,2.76
2021-05-04 01:35:14+02:00,1267,6.8,70.5,4.11,4.55,4.55
2021-05-04 01:40:20+02:00,1268,6.6,72.8,3.74,4.68,5.3
2021-05-04 01:45:15+02:00,1269,6.7,72.9,4.48,6.7,8.68
2021-05-04 01:50:14+02:00,1270,6.5,73.3,3.59,5.09,6.36
2021-05-04 01:55:14+02:00,1271,6.4,74.3,5.71,6.32,6.32
2021-05-04 02:00:15+02:00,1272,6.2,75.2,3.76,5.42,6.86
2021-05-04 02:05:15+02:00,1273,6.3,74.0,5.57,7.42,8.85
2021-05-04 02:10:17+02:00,1274,6.6,71.7,5.76,6.36,6.36
2021-05-04 02:15:15+02:00,1275,6.6,71.7,5.31,6.59,7.41
2021-05-04 02:20:15+02:00,1276,6.8,70.6,5.7,6.31,6.31
2021-05-04 02:25:19+02:00,1277,6.7,71.1,4.18,4.62,4.62
2021-05-04 02:30:14+02:00,1278,6.8,71.0,8.39,11.02,13.0
2021-05-04 02:35:15+02:00,1279,6.7,70.9,5.56,7.99,10.09
2021-05-04 02:40:15+02:00,1280,7.0,69.5,3.68,4.47,4.93
2021-05-04 02:45:14+02:00,1281,7.2,67.8,5.74,6.34,6.34
2021-05-04 02:50:14+02:00,1282,7.4,66.6,3.66,4.04,4.04
2021-05-04 02:55:16+02:00,1283,7.3,67.1,4.39,5.49,6.22
2021-05-04 03:00:14+02:00,1284,7.3,67.1,4.01,4.44,4.44
2021-05-04 03:05:14+02:00,1285,7.2,67.8,3.51,3.88,3.88
2021-05-04 03:10:15+02:00,1286,7.5,65.2,8.31,10.87,12.79
2021-05-04 03:15:14+02:00,1287,7.5,65.7,3.85,5.71,7.36
2021-05-04 03:20:14+02:00,1288,7.5,65.8,5.14,5.68,5.68
2021-05-04 03:25:17+02:00,1289,7.7,63.7,5.77,8.7,11.35
2021-05-04 03:30:15+02:00,1290,7.8,63.7,7.61,9.43,10.59
2021-05-04 03:35:15+02:00,1291,7.9,62.0,4.24,5.8,7.05
2021-05-04 03:40:14+02:00,1292,7.9,62.1,5.14,8.26,11.19
2021-05-04 03:45:14+02:00,1293,8.0,61.3,2.74,4.83,6.87
2021-05-04 03:50:15+02:00,1294,7.9,61.5,4.04,4.47,4.47
2021-05-04 03:55:15+02:00,1295,8.0,61.3,1.55,2.05,2.43
2021-05-04 04:00:19+02:00,1296,7.9,59.8,5.18,5.73,5.73
2021-05-04 04:05:14+02:00,1297,7.9,59.7,3.77,5.49,7.0
2021-05-04 04:10:15+02:00,1298,7.7,60.6,7.34,10.74,13.73
2021-05-04 04:15:15+02:00,1299,7.9,59.8,3.98,4.4,4.4
2021-05-04 04:20:15+02:00,1300,7.7,60.7,4.44,6.8,8.95
2021-05-04 04:25:14+02:00,1301,7.5,61.4,6.84,7.56,7.56
2021-05-04 04:30:15+02:00,1302,7.0,64.2,6.44,13.04,19.78
2021-05-04 04:35:17+02:00,1303,7.1,64.5,4.71,5.9,6.7
2021-05-04 04:40:15+02:00,1304,7.0,64.5,4.04,4.47,4.47
2021-05-04 04:45:17+02:00,1305,6.4,67.3,2.89,3.2,3.2
2021-05-04 04:50:15+02:00,1306,6.4,67.3,2.37,2.62,2.62
2021-05-04 04:55:14+02:00,1307,6.2,68.3,6.2,6.86,6.86
2021-05-04 05:00:14+02:00,1308,6.0,69.2,5.07,7.65,9.98
2021-05-04 05:05:14+02:00,1309,5.8,69.9,4.81,8.87,12.91
2021-05-04 05:10:15+02:00,1310,5.6,71.4,6.21,6.87,6.87
2021-05-04 05:15:15+02:00,1311,5.5,71.2,7.58,9.31,10.36
2021-05-04 05:20:14+02:00,1312,5.4,71.9,2.55,3.54,4.37
2021-05-04 05:25:14+02:00,1313,5.5,71.6,4.27,8.28,12.33
2021-05-04 05:30:14+02:00,1314,5.7,69.8,4.8,9.0,13.19
2021-05-04 05:35:15+02:00,1315,5.7,69.8,3.6,3.97,3.97
2021-05-04 05:40:14+02:00,1316,5.9,68.8,2.42,2.68,2.68
2021-05-04 05:45:14+02:00,1317,5.7,69.6,5.36,6.88,7.97
2021-05-04 05:50:15+02:00,1318,5.5,70.7,5.41,7.31,8.82
2021-05-04 05:55:15+02:00,1319,5.5,71.2,2.49,3.32,3.97
2021-05-04 06:00:15+02:00,1320,5.5,70.9,4.53,7.17,9.64
2021-05-04 06:05:19+02:00,1321,5.6,70.3,3.88,4.29,4.29
2021-05-04 06:10:14+02:00,1322,5.6,70.5,2.56,3.72,4.72
2021-05-04 06:15:16+02:00,1323,5.6,70.6,2.8,3.1,3.1
2021-05-04 06:20:14+02:00,1324,5.6,70.6,4.05,4.48,4.48
2021-05-04 06:25:14+02:00,1325,5.6,70.5,3.82,6.05,8.12
2021-05-04 06:30:15+02:00,1326,5.9,70.1,3.4,3.76,3.76
2021-05-04 06:35:15+02:00,1327,6.0,69.3,3.46,3.83,3.83
2021-05-04 06:40:14+02:00,1328,6.1,68.5,5.17,5.71,5.71
2021-05-04 06:45:14+02:00,1329,6.3,68.0,5.66,6.25,6.25
2021-05-04 06:50:14+02:00,1330,6.4,67.5,1.8,1.99,1.99
2021-05-04 06:55:17+02:00,1331,6.7,67.6,2.06,3.46,4.8
2021-05-04 07:00:14+02:00,1332,6.7,67.6,3.45,6.01,8.5
2021-05-04 07:05:15+02:00,1333,6.9,66.9,3.98,4.4,4.4
2021-05-04 07:10:17+02:00,1334,7.2,65.6,2.35,2.6,2.6
2021-05-04 07:15:17+02:00,1335,7.2,65.5,3.97,4.39,4.39
2021-05-04 07:20:14+02:00,1336,7.3,64.7,1.82,2.01,2.01
2021-05-04 07:25:16+02:00,1337,7.4,65.0,1.73,1.91,1.91
2021-05-04 07:30:15+02:00,1338,7.6,64.2,2.34,2.59,2.59
2021-05-04 07:35:14+02:00,1339,7.7,63.6,1.95,2.85,3.64
2021-05-04 07:40:19+02:00,1340,8.0,63.7,3.17,4.67,6.01
2021-05-04 07:45:14+02:00,1341,8.0,63.6,3.3,5.57,7.76
2021-05-04 07:50:15+02:00,1342,8.0,64.7,4.47,6.94,9.21
2021-05-04 07:55:15+02:00,1343,8.2,64.1,2.44,2.92,3.16
2021-05-04 08:00:14+02:00,1344,8.5,62.9,2.84,3.14,3.14
2021-05-04 08:05:14+02:00,1345,8.7,62.1,1.8,1.99,1.99
2021-05-04 08:10:15+02:00,1346,8.9,62.8,1.77,1.96,1.96
2021-05-04 08:15:15+02:00,1347,9.1,59.7,2.99,3.3,3.3
2021-05-04 08:20:15+02:00,1348,9.3,58.2,4.27,6.04,7.54
2021-05-04 08:25:14+02:00,1349,9.7,55.9,2.46,3.07,3.47
2021-05-04 08:30:14+02:00,1350,10.0,55.7,1.82,2.01,2.01
2021-05-04 08:35:15+02:00,1351,10.3,54.3,3.39,5.86,8.26
2021-05-04 08:40:15+02:00,1352,10.6,53.8,1.53,2.2,2.77
2021-05-04 08:45:14+02:00,1353,10.5,53.4,3.5,3.87,3.87
2021-05-04 08:50:14+02:00,1354,10.9,52.8,3.35,5.45,7.44
2021-05-04 08:55:15+02:00,1355,11.0,51.9,3.87,5.7,7.31
2021-05-04 09:00:15+02:00,1356,11.9,52.3,3.69,5.48,7.07
2021-05-04 09:05:14+02:00,1357,11.4,51.3,3.42,3.78,3.78
2021-05-04 09:10:14+02:00,1358,11.8,51.2,5.23,8.94,12.54
2021-05-04 09:15:15+02:00,1359,11.3,51.9,2.57,2.84,2.84
2021-05-04 09:20:15+02:00,1360,11.5,51.7,5.04,5.57,5.57
2021-05-04 09:25:20+02:00,1361,12.0,50.8,4.98,7.47,9.7
2021-05-04 09:30:17+02:00,1362,12.1,51.9,2.89,3.19,3.19
2021-05-04 09:35:15+02:00,1363,12.1,51.9,4.55,7.5,10.31
2021-05-04 09:40:14+02:00,1364,12.2,50.1,4.57,5.05,5.05
2021-05-04 09:45:14+02:00,1365,12.2,51.1,3.13,4.41,5.48
2021-05-04 09:50:14+02:00,1366,12.8,50.3,4.41,6.58,8.52
2021-05-04 09:55:15+02:00,1367,12.5,50.3,5.16,8.86,12.45
2021-05-04 10:00:15+02:00,1368,12.8,49.3,3.5,6.36,9.2
2021-05-04 10:05:14+02:00,1369,12.8,49.0,5.63,6.23,6.23
2021-05-04 10:10:14+02:00,1370,12.7,50.3,3.49,3.86,3.86
2021-05-04 10:15:14+02:00,1371,12.6,48.2,4.34,6.59,8.63
2021-05-04 10:20:15+02:00,1372,12.5,49.1,4.53,5.01,5.01
2021-05-04 10:25:15+02:00,1373,12.6,49.7,3.44,3.8,3.8
2021-05-04 10:30:14+02:00,1374,12.3,49.2,3.62,4.0,4.0
2021-05-04 10:35:14+02:00,1375,12.4,50.4,3.73,5.07,6.14
2021-05-04 10:40:15+02:00,1376,12.6,49.0,2.84,3.14,3.14
2021-05-04 10:45:15+02:00,1377,12.9,50.6,5.73,6.33,6.33
2021-05-04 10:50:15+02:00,1378,13.0,49.8,4.55,5.03,5.03
2021-05-04 10:55:14+02:00,1379,13.3,49.4,3.5,3.87,3.87
2021-05-04 11:00:14+02:00,1380,13.7,45.7,3.27,5.18,6.96
2021-05-04 11:05:15+02:00,1381,14.0,45.6,3.14,4.42,5.5
2021-05-04 11:10:15+02:00,1382,14.3,46.5,2.9,3.21,3.21
2021-05-04 11:15:14+02:00,1383,14.6,44.6,2.78,3.08,3.08
2021-05-04 11:20:14+02:00,1384,14.9,44.0,1.98,3.21,4.37
2021-05-04 11:25:14+02:00,1385,15.1,43.6,6.93,8.51,9.48
2021-05-04 11:30:14+02:00,1386,15.2,42.9,5.06,5.6,5.6
2021-05-04 11:35:15+02:00,1387,15.1,41.9,6.74,12.62,18.49
2021-05-04 11:40:14+02:00,1388,15.7,40.3,3.17,4.61,5.87
2021-05-04 11:45:19+02:00,1389,15.2,42.8,6.47,8.71,10.47
2021-05-04 11:50:14+02:00,1390,15.9,39.9,0.84,1.94,3.09
2021-05-04 12:00:14+02:00,1391,15.9,38.8,2.14,3.48,4.76
2021-05-04 12:05:15+02:00,1392,16.3,38.9,3.52,4.54,5.27
2021-05-04 12:10:14+02:00,1393,15.5,37.5,2.25,2.48,2.48
2021-05-04 12:15:14+02:00,1394,16.0,38.7,3.84,8.87,14.14
2021-05-04 12:20:14+02:00,1395,15.7,38.9,4.04,4.47,4.47
2021-05-04 12:25:14+02:00,1396,16.5,39.2,1.16,1.28,1.28
2021-05-04 12:30:15+02:00,1397,15.8,40.0,2.38,2.63,2.63
2021-05-04 12:35:14+02:00,1398,16.2,40.1,3.99,4.42,4.42
2021-05-04 12:40:14+02:00,1399,16.5,40.0,3.54,4.29,4.72
2021-05-04 12:45:14+02:00,1400,17.6,39.1,4.7,6.03,6.98
2021-05-04 12:50:15+02:00,1401,16.4,40.4,2.76,5.01,7.24
2021-05-04 12:55:15+02:00,1402,16.9,39.8,3.86,6.44,8.91
2021-05-04 13:00:14+02:00,1403,17.0,40.8,2.15,3.34,4.43
2021-05-04 13:05:17+02:00,1404,16.7,39.4,3.81,5.4,6.75
2021-05-04 13:10:14+02:00,1405,16.8,39.4,2.95,3.36,3.48
2021-05-04 13:15:14+02:00,1406,17.3,39.4,2.88,3.18,3.18
2021-05-04 13:20:14+02:00,1407,17.3,40.7,2.4,2.65,2.65
2021-05-04 13:25:17+02:00,1408,16.9,40.0,4.3,6.42,8.31
2021-05-04 13:30:14+02:00,1409,16.9,39.9,3.15,4.68,6.04
2021-05-04 13:35:14+02:00,1410,17.0,39.4,1.03,1.95,2.87
2021-05-04 13:40:15+02:00,1411,17.0,38.6,2.07,3.78,5.47
2021-05-04 13:45:14+02:00,1412,17.2,39.1,3.04,4.01,4.74
2021-05-04 13:50:14+02:00,1413,17.3,38.8,2.67,4.0,5.2
2021-05-04 13:55:14+02:00,1414,17.3,38.1,3.63,5.08,6.3
2021-05-04 14:00:14+02:00,1415,17.6,38.3,2.53,3.94,5.23
2021-05-04 14:05:15+02:00,1416,18.2,38.4,2.28,2.52,2.52
2021-05-04 14:10:14+02:00,1417,17.8,38.4,2.55,3.69,4.68
2021-05-04 14:15:17+02:00,1418,18.7,37.6,3.39,3.74,3.74
2021-05-04 14:20:15+02:00,1419,18.7,37.6,2.57,3.91,5.12
2021-05-04 14:25:17+02:00,1420,17.9,38.5,5.28,9.16,12.94
2021-05-04 14:30:15+02:00,1421,17.9,38.5,1.45,2.62,3.77
2021-05-04 14:35:17+02:00,1422,18.1,38.6,1.42,2.37,3.28
2021-05-04 14:40:17+02:00,1423,17.6,39.2,2.48,2.74,2.74
2021-05-04 14:45:14+02:00,1424,17.6,39.2,3.46,4.29,4.82
2021-05-04 14:50:16+02:00,1425,17.6,39.0,4.35,9.24,14.29
2021-05-04 14:55:15+02:00,1426,17.8,39.9,1.31,1.45,1.45
2021-05-04 15:00:15+02:00,1427,17.6,39.4,1.92,2.72,3.41
2021-05-04 15:05:14+02:00,1428,17.6,39.4,3.95,4.37,4.37
2021-05-04 15:10:14+02:00,1429,18.0,39.2,1.89,2.09,2.09
2021-05-04 15:15:15+02:00,1430,18.1,39.4,1.89,2.77,3.54
2021-05-04 15:20:15+02:00,1431,17.9,38.8,2.87,3.18,3.18
2021-05-04 15:25:14+02:00,1432,17.7,37.8,2.61,4.08,5.43
2021-05-04 15:30:14+02:00,1433,17.6,39.6,1.46,3.03,4.63
2021-05-04 15:35:16+02:00,1434,17.4,40.0,2.78,3.07,3.07
2021-05-04 15:40:14+02:00,1435,17.4,40.0,3.98,4.4,4.4
2021-05-04 15:45:14+02:00,1436,17.7,38.9,2.88,3.18,3.18
2021-05-04 15:50:15+02:00,1437,17.3,39.2,1.92,2.74,3.44
2021-05-04 15:55:15+02:00,1438,17.9,38.4,2.05,3.56,5.02
2021-05-04 16:00:14+02:00,1439,17.6,38.6,1.4,2.15,2.85
2021-05-04 16:05:14+02:00,1440,17.5,39.1,1.27,1.72,2.08
2021-05-04 16:10:22+02:00,1441,17.9,38.1,1.74,1.93,1.93
2021-05-04 16:15:15+02:00,1442,17.9,38.2,2.31,2.55,2.55
2021-05-04 16:20:14+02:00,1443,18.7,36.6,1.76,1.95,1.95
2021-05-04 16:25:14+02:00,1444,18.2,37.1,2.35,2.6,2.6
2021-05-04 16:30:14+02:00,1445,18.4,36.1,1.4,2.05,2.63
2021-05-04 16:35:15+02:00,1446,18.4,37.7,1.76,1.95,1.95
2021-05-04 16:40:15+02:00,1447,18.0,37.5,2.83,3.13,3.13
2021-05-04 16:45:14+02:00,1448,18.3,37.6,4.56,7.82,10.99
2021-05-04 16:50:22+02:00,1449,18.3,37.8,1.76,1.94,1.94
2021-05-04 16:55:14+02:00,1450,18.3,37.8,3.42,3.78,3.78
2021-05-04 17:00:14+02:00,1451,18.5,38.1,2.32,2.56,2.56
2021-05-04 17:05:18+02:00,1452,18.7,38.0,1.82,2.01,2.01
2021-05-04 17:10:19+02:00,1453,18.7,37.8,3.45,3.82,3.82
2021-05-04 17:15:14+02:00,1454,19.4,36.1,1.76,1.95,1.95
2021-05-04 17:20:14+02:00,1455,19.7,36.4,2.33,2.58,2.58
2021-05-04 17:25:15+02:00,1456,19.4,37.1,4.55,5.03,5.03
2021-05-04 17:30:15+02:00,1457,18.6,38.5,2.84,3.14,3.14
2021-05-04 17:35:15+02:00,1458,18.2,38.5,1.85,2.04,2.04
2021-05-04 17:40:14+02:00,1459,17.6,38.7,2.28,2.52,2.52
2021-05-04 17:45:14+02:00,1460,18.0,37.4,1.69,1.87,1.87
2021-05-04 17:50:15+02:00,1461,17.5,37.2,1.16,1.29,1.29
2021-05-04 17:55:15+02:00,1462,17.6,37.8,2.94,3.65,4.1
2021-05-04 18:00:14+02:00,1463,17.0,37.0,1.88,2.76,3.54
2021-05-04 18:05:17+02:00,1464,16.5,39.0,2.85,3.15,3.15
2021-05-04 18:10:15+02:00,1465,16.5,38.8,2.87,3.18,3.18
2021-05-04 18:15:14+02:00,1466,16.3,39.3,3.45,6.42,9.39
2021-05-04 18:20:14+02:00,1467,16.0,39.9,1.01,1.87,2.72
2021-05-04 18:25:14+02:00,1468,15.9,39.9,3.67,5.01,6.1
2021-05-04 18:30:15+02:00,1469,15.9,39.2,2.35,2.6,2.6
2021-05-04 18:35:15+02:00,1470,15.8,39.6,2.88,3.18,3.18
2021-05-04 18:40:15+02:00,1471,15.7,40.3,2.13,2.35,2.35
2021-05-04 18:45:17+02:00,1472,15.6,40.6,1.18,1.3,1.3
2021-05-04 18:50:16+02:00,1473,15.5,40.6,1.21,1.34,1.34
2021-05-04 18:55:15+02:00,1474,15.8,39.9,3.99,4.41,4.41
2021-05-04 19:00:15+02:00,1475,15.7,40.6,5.24,6.7,7.73
2021-05-04 19:05:14+02:00,1476,15.5,41.2,2.91,3.21,3.21
2021-05-04 19:10:14+02:00,1477,15.4,41.3,2.54,3.8,4.94
2021-05-04 19:15:15+02:00,1478,15.4,41.0,2.65,4.49,6.27
2021-05-04 19:20:15+02:00,1479,15.2,41.8,3.8,5.86,7.76
2021-05-04 19:25:14+02:00,1480,15.3,41.4,2.94,3.25,3.25
2021-05-04 19:30:17+02:00,1481,15.1,45.9,6.63,7.89,8.53
2021-05-04 19:35:14+02:00,1482,15.1,45.9,3.87,4.96,5.73
2021-05-04 19:40:14+02:00,1483,14.1,53.2,2.36,2.6,2.6
2021-05-04 19:45:14+02:00,1484,13.3,58.4,4.68,5.17,5.17
2021-05-04 19:50:15+02:00,1485,12.8,61.5,4.8,5.31,5.31
2021-05-04 19:55:15+02:00,1486,12.4,63.7,6.71,11.36,15.85
2021-05-04 20:00:14+02:00,1487,12.0,65.9,4.15,4.87,5.19
2021-05-04 20:05:14+02:00,1488,12.0,66.5,6.79,7.5,7.5
2021-05-04 20:10:15+02:00,1489,11.8,68.1,4.42,6.28,7.86
2021-05-04 20:15:15+02:00,1490,11.6,68.9,7.3,10.38,13.02
2021-05-04 20:20:15+02:00,1491,11.6,69.5,3.44,3.8,3.8
2021-05-04 20:25:17+02:00,1492,11.3,72.3,4.72,5.22,5.22
2021-05-04 20:30:15+02:00,1493,11.2,72.3,3.09,3.42,3.42
2021-05-04 20:35:14+02:00,1494,11.1,73.9,5.67,6.27,6.27
2021-05-04 20:40:14+02:00,1495,11.2,72.8,6.75,11.52,16.15
2021-05-04 20:45:14+02:00,1496,11.3,72.2,6.28,6.94,6.94
2021-05-04 20:50:15+02:00,1497,11.4,69.8,6.86,7.58,7.58
2021-05-04 20:55:15+02:00,1498,11.5,69.6,1.84,2.04,2.04
2021-05-04 21:00:15+02:00,1499,11.8,67.1,5.91,6.53,6.53
2021-05-04 21:05:14+02:00,1500,12.0,64.8,3.66,5.65,7.47
2021-05-04 21:10:17+02:00,1501,11.9,65.5,4.68,5.17,5.17
2021-05-04 21:15:17+02:00,1502,12.1,63.6,2.39,2.64,2.64
2021-05-04 21:20:14+02:00,1503,12.1,63.8,2.99,3.31,3.31
2021-05-04 21:25:15+02:00,1504,12.1,63.7,8.23,10.62,12.34
2021-05-04 21:30:15+02:00,1505,12.1,63.5,7.86,8.69,8.69
2021-05-04 21:35:14+02:00,1506,12.2,63.3,4.31,5.67,6.7
2021-05-04 21:40:14+02:00,1507,12.3,61.6,4.66,5.15,5.15
2021-05-04 21:45:14+02:00,1508,12.7,59.4,3.3,5.54,7.69
2021-05-04 21:50:15+02:00,1509,12.9,60.0,3.88,6.04,8.03
2021-05-04 21:55:15+02:00,1510,12.1,67.6,6.26,8.54,10.4
2021-05-04 22:05:15+02:00,1511,10.6,84.0,3.5,3.87,3.87
2021-05-04 22:10:15+02:00,1512,10.9,83.8,1.51,1.67,1.67
2021-05-04 22:15:17+02:00,1513,11.1,81.3,3.46,3.82,3.82
2021-05-04 22:20:15+02:00,1514,11.2,81.4,4.6,5.08,5.08
2021-05-04 22:25:14+02:00,1515,11.8,71.4,2.44,2.93,3.2
2021-05-04 22:30:14+02:00,1516,11.7,71.0,1.91,2.64,3.25
2021-05-04 22:35:14+02:00,1517,11.8,70.5,3.45,3.81,3.81
2021-05-04 22:40:14+02:00,1518,11.8,71.3,6.3,6.96,6.96
2021-05-04 22:45:15+02:00,1519,12.1,64.3,5.69,8.48,10.97
2021-05-04 22:50:14+02:00,1520,11.5,77.3,4.06,4.49,4.49
2021-05-04 22:55:14+02:00,1521,10.9,82.0,6.04,7.94,9.36
2021-05-04 23:00:14+02:00,1522,11.2,75.0,3.19,3.87,4.26
2021-05-04 23:05:15+02:00,1523,11.4,71.6,4.59,5.07,5.07
2021-05-04 23:10:15+02:00,1524,11.0,74.2,5.2,8.73,12.11
2021-05-04 23:15:15+02:00,1525,11.3,70.2,4.68,5.7,6.31
2021-05-04 23:20:15+02:00,1526,11.5,67.1,3.38,3.73,3.73
2021-05-04 23:25:14+02:00,1527,11.7,67.9,2.91,3.22,3.22
2021-05-04 23:30:14+02:00,1528,11.5,66.7,2.26,3.28,4.17
2021-05-04 23:35:15+02:00,1529,11.5,67.5,4.62,5.1,5.1
2021-05-04 23:40:17+02:00,1530,11.4,68.4,2.15,2.37,2.37
2021-05-04 23:45:16+02:00,1531,11.2,70.8,4.47,6.58,8.43
2021-05-04 23:50:14+02:00,1532,11.2,70.8,4.56,5.04,5.04
2021-05-04 23:55:14+02:00,1533,11.2,70.2,3.1,4.22,5.13
2021-05-05 00:00:14+02:00,1534,11.4,68.1,7.36,10.29,12.74
2021-05-05 00:05:20+02:00,1535,11.5,67.5,7.75,8.57,8.57
2021-05-05 00:10:14+02:00,1536,11.6,67.6,6.81,9.66,12.07
2021-05-05 00:15:14+02:00,1537,11.2,70.8,8.97,10.5,11.15
2021-05-05 00:20:14+02:00,1538,11.1,70.2,3.1,4.65,6.04
2021-05-05 00:25:20+02:00,1539,11.0,71.6,5.51,7.12,8.3
2021-05-05 00:30:15+02:00,1540,10.9,71.6,5.18,5.73,5.73
2021-05-05 00:35:14+02:00,1541,11.0,70.9,4.34,6.13,7.63
2021-05-05 00:40:14+02:00,1542,11.0,70.1,3.07,3.39,3.39
2021-05-05 00:45:14+02:00,1543,11.0,70.3,3.82,5.94,7.89
2021-05-05 00:50:15+02:00,1544,11.1,67.9,3.26,4.81,6.18
2021-05-05 00:55:15+02:00,1545,11.4,65.2,4.85,6.5,7.8
2021-05-05 01:00:21+02:00,1546,11.4,65.9,5.68,6.27,6.27
2021-05-05 01:05:14+02:00,1547,11.4,65.9,2.76,3.72,4.49
2021-05-05 01:10:14+02:00,1548,11.5,64.8,5.65,7.57,9.08
2021-05-05 01:15:15+02:00,1549,11.6,65.1,2.94,3.25,3.25
2021-05-05 01:20:15+02:00,1550,11.7,64.5,4.57,5.05,5.05
2021-05-05 01:25:14+02:00,1551,11.6,65.2,4.38,6.54,8.46
2021-05-05 01:30:14+02:00,1552,11.9,63.6,1.99,2.87,3.64
2021-05-05 01:35:17+02:00,1553,11.9,63.1,2.64,4.17,5.6
2021-05-05 01:40:17+02:00,1554,12.2,61.4,4.61,5.09,5.09
2021-05-05 01:45:14+02:00,1555,12.2,61.4,1.97,3.07,4.09
2021-05-05 01:50:14+02:00,1556,12.5,60.0,2.99,3.67,4.09
2021-05-05 01:55:14+02:00,1557,12.5,59.8,3.52,6.52,9.51
2021-05-05 02:00:15+02:00,1558,12.4,59.9,2.4,2.66,2.66
2021-05-05 02:05:14+02:00,1559,12.5,59.5,4.01,4.43,4.43
2021-05-05 02:10:17+02:00,1560,12.4,60.0,1.99,2.71,3.29
2021-05-05 02:15:16+02:00,1561,12.4,60.0,2.32,2.56,2.56
2021-05-05 02:20:14+02:00,1562,12.5,59.5,1.82,2.01,2.01
2021-05-05 02:25:14+02:00,1563,12.4,59.2,1.8,3.43,5.05
2021-05-05 02:30:14+02:00,1564,12.3,59.6,2.27,4.92,7.65
2021-05-05 02:35:15+02:00,1565,12.3,59.7,5.64,6.24,6.24
2021-05-05 02:40:15+02:00,1566,12.4,59.4,3.71,5.16,6.37
2021-05-05 02:45:14+02:00,1567,12.6,58.9,3.04,4.16,5.06
2021-05-05 02:50:14+02:00,1568,12.6,58.7,4.68,5.91,6.74
2021-05-05 02:55:15+02:00,1569,12.4,59.1,3.63,7.56,11.58
2021-05-05 03:00:14+02:00,1570,12.5,59.7,3.97,4.39,4.39
2021-05-05 03:05:15+02:00,1571,12.3,60.9,2.97,3.28,3.28
2021-05-05 03:10:15+02:00,1572,12.1,61.6,2.41,2.66,2.66
2021-05-05 03:15:15+02:00,1573,12.0,62.5,5.73,11.59,17.56
2021-05-05 03:20:15+02:00,1574,12.1,62.6,1.82,2.02,2.02
2021-05-05 03:25:14+02:00,1575,12.2,62.8,5.6,8.61,11.36
2021-05-05 03:30:14+02:00,1576,12.0,63.7,2.5,2.77,2.77
2021-05-05 03:40:15+02:00,1577,12.0,63.8,2.38,2.63,2.63
2021-05-05 03:45:14+02:00,1578,12.0,63.8,3.19,5.06,6.81
2021-05-05 03:50:14+02:00,1579,12.0,64.2,3.53,3.91,3.91
2021-05-05 03:55:14+02:00,1580,11.9,64.8,6.42,7.8,8.59
2021-05-05 04:00:15+02:00,1581,11.8,65.1,1.91,2.12,2.12
2021-05-05 04:05:17+02:00,1582,11.8,66.1,4.62,5.11,5.11
2021-05-05 04:10:15+02:00,1583,11.8,66.1,5.34,9.69,13.99
2021-05-05 04:15:15+02:00,1584,11.7,66.7,2.13,2.35,2.35
2021-05-05 04:20:15+02:00,1585,11.6,67.8,5.19,5.74,5.74
2021-05-05 04:25:14+02:00,1586,11.6,68.2,4.12,7.5,10.84
2021-05-05 04:30:14+02:00,1587,11.1,71.6,6.45,10.59,14.54
2021-05-05 04:35:17+02:00,1588,11.0,72.9,5.61,6.2,6.2
2021-05-05 04:40:14+02:00,1589,11.1,73.0,5.09,5.63,5.63
2021-05-05 04:45:14+02:00,1590,11.1,72.4,3.86,5.61,7.14
2021-05-05 04:50:20+02:00,1591,10.0,90.2,9.02,9.97,9.97
2021-05-05 04:55:20+02:00,1592,9.4,92.1,7.55,8.35,8.35
2021-05-05 05:00:14+02:00,1593,9.4,92.1,6.74,9.42,11.65
2021-05-05 05:05:14+02:00,1594,9.4,92.7,6.07,7.05,7.45
2021-05-05 05:10:15+02:00,1595,9.2,88.7,5.74,8.26,10.44
2021-05-05 05:15:15+02:00,1596,9.3,88.9,6.29,6.95,6.95
2021-05-05 05:20:15+02:00,1597,9.3,89.0,5.97,7.42,8.34
2021-05-05 05:25:14+02:00,1598,9.4,89.2,8.33,10.59,12.17
2021-05-05 05:30:14+02:00,1599,9.3,89.3,5.96,7.9,9.39
2021-05-05 05:35:15+02:00,1600,9.4,89.3,6.97,8.22,8.8
2021-05-05 05:40:15+02:00,1601,9.6,89.5,4.64,5.13,5.13
2021-05-05 05:45:14+02:00,1602,9.6,89.5,2.17,2.39,2.39
2021-05-05 05:50:14+02:00,1603,10.0,89.6,5.38,6.8,7.77
2021-05-05 05:55:16+02:00,1604,9.9,89.7,6.01,8.18,9.92
2021-05-05 06:00:14+02:00,1605,9.9,89.7,0.57,0.62,0.62
2021-05-05 06:05:14+02:00,1606,7.1,92.5,8.82,24.24,40.71
2021-05-05 06:10:15+02:00,1607,6.1,89.6,1.64,1.81,1.81
